Business Name,Phone,Email,Website,Rating,Reviews,Category,Score,Priority,Tags,Address
"Darius & Sons Plumbing Contractors","(813) 592-5302","","",4.8,109,"Plumber",100,"high","needs-website;established;high-rated;ai-voice-fit;phone-available","8557 West Hillsborough Avenue STE 7863, Tampa, FL 33615"
"INDEPENDENT AIR CONDITIONING, INC.","(813) 421-2247","service@813air.com","http://www.813air.com/",4.9,337,"HVAC contractor",100,"high","weak-website;established;high-rated;ai-voice-fit;phone-available;email-available;high-value-trade","3424 E 7th Ave, Tampa, FL 33605"
"Paradise Pools of Tampa Bay","(813) 995-3377","paradisepoolstb@yahoo.com","http://paradisepoolstb.com/?utm_source=google&utm_medium=wix_google_business_profile&utm_campaign=10840745871859976848",4.9,152,"Swimming pool contractor",100,"high","weak-website;established;high-rated;ai-voice-fit;phone-available;email-available;high-value-trade",""
"Wahoo Pools - Tampa","(813) 699-3282","info@wahoopools.com","http://www.wahoopools.com/",4.8,95,"Swimming pool contractor",100,"high","weak-website;established;high-rated;ai-voice-fit;phone-available;email-available;high-value-trade","6657 US-301 S, Riverview, FL 33578"
"Larsen's Pool & Spa","(727) 786-7665","info@larsenspoolandspa.com","http://www.larsenspoolandspa.com/",4.9,194,"Swimming pool contractor",100,"high","weak-website;established;high-rated;ai-voice-fit;phone-available;email-available;high-value-trade","9909 Race Track Rd, Tampa, FL 33626"
"Tampa Bay Pools","(813) 684-3639","+FL+33511/@27.9300293","http://tampabaypools.com/",4.5,498,"Swimming pool contractor",100,"high","weak-website;established;high-rated;ai-voice-fit;phone-available;email-available;high-value-trade","604 Lithia Pinecrest Rd, Brandon, FL 33511"
"Electrical Handyman Service, Inc.","(813) 901-8185","","",4.8,22,"Electrician",100,"high","needs-website;growing;high-rated;ai-voice-fit;phone-available;high-value-trade","7046 W Hillsborough Ave, Tampa, FL 33634"
"Aguila Electrical Services Inc","(813) 515-6999","filler@godaddy.com","http://aguilaelectrical.com/",4.9,456,"Electrician",100,"high","weak-website;established;high-rated;ai-voice-fit;phone-available;email-available;high-value-trade","5708 N 56th St, Tampa, FL 33610"
"Everyday Electric","(813) 377-7321","j.anderson@everydayelectric.biz","http://www.myeverydayelectric.com/?utm_source=google&utm_medium=organic&utm_campaign=gmb-listing",4.9,76,"Electrician",100,"high","weak-website;established;high-rated;ai-voice-fit;phone-available;email-available;high-value-trade","7137 Hamilton Park Blvd, Tampa, FL 33615"
"Groves Electric, Inc.","(813) 789-3400","cgroves@groveselectricinc.com","http://www.groveselectricinc.com/",5,169,"Electrician",100,"high","weak-website;established;high-rated;ai-voice-fit;phone-available;email-available;high-value-trade","530 Luzon Ave, Tampa, FL 33606"
"A&A Concrete and Construction Services LLC.","(813) 924-4056","","",3.5,29,"Construction company",100,"high","needs-website;growing;ai-voice-fit;phone-available;high-value-trade","4010 W Cayuga St, Tampa, FL 33614"
"Fleet Concrete Inc","(813) 968-6028","","",4.6,80,"Concrete contractor",100,"high","needs-website;established;high-rated;ai-voice-fit;phone-available","14914 Casey Rd, Tampa, FL 33624"
"Rhino Commercial Roofing","(813) 336-5415","rhinoroofingfl@yahoo.com","http://rhinocommercialroofers.com/",4.7,73,"Roofing contractor",100,"high","weak-website;established;high-rated;ai-voice-fit;phone-available;email-available;high-value-trade","401 E Jackson St Ste 2340, Tampa, FL 33602"
"Evolve Construction FL","(800) 222-4100","","http://www.evolveconstruction.com/",5,99,"Construction company",95,"high","weak-website;established;high-rated;ai-voice-fit;phone-available;high-value-trade",""
"Optim Build Group","(813) 400-1617","","",5,38,"General contractor",95,"high","needs-website;growing;high-rated;ai-voice-fit;phone-available","14902 North Florida Avenue, Tampa, FL 33613"
"Efficient Tampa HVAC Contractor Solutions","(656) 248-5259","","",5,25,"Contractor",95,"high","needs-website;growing;high-rated;ai-voice-fit;phone-available","716 N Renellie Dr, Tampa, FL 33609"
"Caldeco Air Conditioning & Heating","(813) 254-2211","","http://www.caldeco.com/",4.8,1139,"HVAC contractor",95,"high","weak-website;established;high-rated;ai-voice-fit;phone-available;high-value-trade","1709 N Howard Ave, Tampa, FL 33607"
"Pool Builders Tampa","(813) 422-6620","","",4.8,5,"Swimming pool contractor",95,"high","needs-website;high-rated;ai-voice-fit;phone-available;high-value-trade",""
"Trendsetter Pools","(813) 964-0000","bobbi@trendsetterpools.com","http://www.trendsetterpools.com/",4.2,52,"Swimming pool contractor",95,"high","weak-website;established;ai-voice-fit;phone-available;email-available;high-value-trade","13540 N Florida Ave # 101, Tampa, FL 33613"
"Xecutive Pools, LLC","(813) 298-2218","office@xecutivepools.com","http://www.xecutivepools.com/",3.9,66,"Swimming pool contractor",95,"high","weak-website;established;ai-voice-fit;phone-available;email-available;high-value-trade","13542 N Florida Ave #215, Tampa, FL 33613"
"Galaxy Electrical","(813) 270-5778","","",4.8,12,"Electrician",95,"high","needs-website;high-rated;ai-voice-fit;phone-available;high-value-trade",""
"BATES ELECTRIC","(813) 888-7050","ITDepartment@bateselectric.com","http://bateselectric.com/",4,56,"Electrician",95,"high","weak-website;established;ai-voice-fit;phone-available;email-available;high-value-trade","7901 Hopi Pl, Tampa, FL 33634"
"Howards Electrical Service Co.","(813) 875-1400","rbentz@howelec.com","http://www.howelec.com/",4.5,43,"Electrician",95,"high","weak-website;growing;high-rated;ai-voice-fit;phone-available;email-available;high-value-trade","4616 N Hale Ave, Tampa, FL 33614"
"Red Beard Construction LLC","(727) 851-9885","myproject@rbcprojects.info","http://rbcprojects.info/",5,37,"Construction company",95,"high","weak-website;growing;high-rated;ai-voice-fit;phone-available;email-available;high-value-trade","620 Union St, Dunedin, FL 34698"
"Stone Bay Kitchen & Bath","(813) 453-7114","","",5,41,"Kitchen remodeler",95,"high","needs-website;growing;high-rated;ai-voice-fit;phone-available","8013 Benjamin Rd, Tampa, FL 33634"
"Tampa Roof Repair LLC","(813) 413-5115","","http://www.tamparoofrepair.com/",4.9,171,"Roofing contractor",95,"high","weak-website;established;high-rated;ai-voice-fit;phone-available;high-value-trade","13403 Arbor Pointe Cir, Tampa, FL 33617"
"Heaven Sent Construction","(813) 728-1458","","http://www.hsc-fl.com/",5,39,"Construction company",90,"high","weak-website;growing;high-rated;ai-voice-fit;phone-available;high-value-trade","4016 Henderson Blvd, Tampa, FL 33629"
"Tampa Bay Construction, Roofing, HVAC, & Plumbing Services, LLC","(813) 533-0070","info@constructionservicesfl.com","http://www.constructionservicesfl.com/",4.8,91,"General contractor",90,"high","weak-website;established;high-rated;ai-voice-fit;phone-available;email-available","1465 W Busch Blvd, Tampa, FL 33612"
"Total Plumbing Solutions","(813) 935-2733","totalplumbingfl@gmail.com","http://www.totalplumbingfl.com/",4.9,650,"Plumber",90,"high","weak-website;established;high-rated;ai-voice-fit;phone-available;email-available","15901 N Florida Ave, Lutz, FL 33549"
"Chuck's Plumbing LLC","(813) 200-4118","chuck@detarienterprises.com","http://www.chucksplumbing.com/",4.8,514,"Plumber",90,"high","weak-website;established;high-rated;ai-voice-fit;phone-available;email-available",""
"Rolando's H.V.A.C.","(813) 373-6804","info@rolandoshvac.com","https://www.rolandoshvac.com/tampa/?utm_campaign=gmb&utm_medium=organic&utm_source=google",4.9,1624,"HVAC contractor",90,"high","established;high-rated;ai-voice-fit;phone-available;email-available;high-value-trade","5117 W Rio Vista Ave, Tampa, FL 33634"
"Hometown Heating and Air","(813) 773-6500","office@thehometownair.com","https://thehometownair.com/",4.7,406,"HVAC contractor",90,"high","established;high-rated;ai-voice-fit;phone-available;email-available;high-value-trade","3104 N Armenia Ave, Tampa, FL 33607"
"Onsite Construction & Restoration","(813) 394-8783","contact@onsiteresidential.com","https://onsiteconstructionfl.com/?utm_campaign=gmb",4.7,84,"Construction company",90,"high","established;high-rated;ai-voice-fit;phone-available;email-available;high-value-trade","1305 N Armenia Ave, Tampa, FL 33607"
"ACS Home Services- Tampa Air Conditioning Repair","(813) 703-1042","office@acshomeservices.com","https://www.acshomeservices.com/tampa-air-conditioning-plumbing-electrical/",4.7,2822,"HVAC contractor",90,"high","established;high-rated;ai-voice-fit;phone-available;email-available;high-value-trade","1712 E Seward St, Tampa, FL 33604"
"Expedited Heat & Air","(813) 937-5272","office@expeditedheatandair.com","https://expeditedheatandair.com/",4.8,118,"HVAC contractor",90,"high","established;high-rated;ai-voice-fit;phone-available;email-available;high-value-trade","3611 E 10th Ave B, Tampa, FL 33605"
"Action Air Conditioning - AC Repair Tampa","(813) 935-6644","info@actionairconditioning.com","https://actionairconditioning.com/contact-us/?utm_source=google&utm_medium=gmb&utm_campaign=local-listing_tampa",4.6,617,"HVAC contractor",90,"high","established;high-rated;ai-voice-fit;phone-available;email-available;high-value-trade","8926 N Armenia Ave, Tampa, FL 33604"
"Smooth Construction","(727) 505-7598","smooth.construction.florida@gmail.com","https://www.smoothconstruction.org/",5,59,"Construction company",90,"high","established;high-rated;ai-voice-fit;phone-available;email-available;high-value-trade",""
"ProperCoat Painting","(727) 472-3931","dmayberry@propercoatpainting.com","http://propercoatpainting.com/",4.9,70,"Painter",90,"high","weak-website;established;high-rated;ai-voice-fit;phone-available;email-available","806 N Gomez Ave, Tampa, FL 33609"
"Aboveground Pool Installers Tampa","(813) 417-1622","","http://abovegroundpoolinstallers.com/",4.9,31,"Swimming pool contractor",90,"high","weak-website;growing;high-rated;ai-voice-fit;phone-available;high-value-trade","5207 Wilcox Rd, Tampa, FL 33624"
"J & C Fiberglass Pools","(813) 295-9958","florida@jandcfiberglasspools.com","https://www.jandcfiberglasspool.com/",4.9,55,"Swimming pool contractor",90,"high","established;high-rated;ai-voice-fit;phone-available;email-available;high-value-trade","2701 W Busch Blvd, Suite 160, Tampa, FL 33618, Tampa, FL 33614"
"Hive Outdoor Living","(813) 579-2444","","http://hiveoutdoor.com/",4.1,89,"Swimming pool contractor",90,"high","weak-website;established;ai-voice-fit;phone-available;high-value-trade","311 S Willow Ave suite b, Tampa, FL 33606"
"Ultra Custom Group","(813) 900-5595","","http://www.ultracustomgroup.com/",4.9,31,"Swimming pool contractor",90,"high","weak-website;growing;high-rated;ai-voice-fit;phone-available;high-value-trade","5401 S Dale Mabry Hwy, Tampa, FL 33611"
"Landscape Fusion","(813) 435-3007","","http://landscape-fusion.com/",4.7,46,"Swimming pool contractor",90,"high","weak-website;growing;high-rated;ai-voice-fit;phone-available;high-value-trade","3323 S Dale Mabry Hwy, Tampa, FL 33629"
"Albert & Ellis Landscaping & Tree Service","(813) 215-1436","info@albertellislandscaping.com","http://www.albertellislandscaping.com/",4.9,358,"Tree service",90,"high","weak-website;established;high-rated;ai-voice-fit;phone-available;email-available","100 Ashley Dr S #600, Tampa, FL 33602"
"Everything Outdoors","(813) 321-8733","office@everythingoutdoors.biz","http://www.everythingoutdoors.biz/",4.5,74,"Landscaper",90,"high","weak-website;established;high-rated;ai-voice-fit;phone-available;email-available","6304 N Nebraska Ave, Tampa, FL 33604"
"Pro Plumbing Services Corp","(813) 238-9511","pro.plumbing@aol.com","http://www.proplumbing-air.com/",4.7,166,"Plumber",90,"high","weak-website;established;high-rated;ai-voice-fit;phone-available;email-available","5205 N Nebraska Ave, Tampa, FL 33603"
"Painters on Demand","(855) 707-2468","sales@paintersondemand.com","http://paintersondemand.com/",4.5,63,"Painter",90,"high","weak-website;established;high-rated;ai-voice-fit;phone-available;email-available","3201 N Florida Ave, Tampa, FL 33603"
"MP Professional Painting","(813) 541-0982","mpprofessionalpainting@yahoo.com","http://mpprofessionalpainting.com/",4.9,145,"Painter",90,"high","weak-website;established;high-rated;ai-voice-fit;phone-available;email-available","9420 Lazy Ln # C8, Tampa, FL 33614"
"Scottsdale Outdoors","(813) 514-3193","kyle@scottsdaleoutdoors.com","http://www.scottsdaleoutdoors.com/",5,74,"Tree service",90,"high","weak-website;established;high-rated;ai-voice-fit;phone-available;email-available","8412 N Gomez Ave, Tampa, FL 33614"
"3H AC of Tampa","(813) 979-4208","info@3hac.com","https://3hac.com/",4.9,653,"HVAC contractor",90,"high","established;high-rated;ai-voice-fit;phone-available;email-available;high-value-trade","930 E 124th Ave, Tampa, FL 33612"
"Tampa Bay Pest Pros","(727) 515-6077","tampabaypestpros@gmail.com","http://www.tampabaypestpros.com/",5,109,"Pest control service",90,"high","weak-website;established;high-rated;ai-voice-fit;phone-available;email-available","3166 Tampa Rd suite 9, Oldsmar, FL 34677"
"Barker's All Star Tree Care","(816) 209-2173","barkersallstartreecare@gmail.com","http://barkerstreecare.com/",5,251,"Tree service",90,"high","weak-website;established;high-rated;ai-voice-fit;phone-available;email-available",""
"RUIZ ELECTRICAL SERVICES LLC","","info@ruizelectricalservices.net","http://www.ruizelectricalservices.net/",5,21,"Electrician",90,"high","weak-website;growing;high-rated;ai-voice-fit;email-available;high-value-trade","5834 Mohr Loop, Tampa, FL 33615"
"Hoffman Electrical & A/C","(866) 845-3375","//www.google.com/maps/place/Hoffman+Electrical+%26+Air+Conditioning/@27.9610853","https://hoffmanelectrical.com/?utm_source=google&utm_medium=organic&utm_campaign=gmb",4.8,4039,"Electrician",90,"high","established;high-rated;ai-voice-fit;phone-available;email-available;high-value-trade","1909 N 57th St, Tampa, FL 33619"
"Mr. Electric of Tampa Bay","(813) 474-9789","//www.youtube.com/@Mr.ElectricofTampaBay","https://www.mrelectric.com/tampa-bay?cid=LSTL_MRE000196&utm_source=gmb&utm_campaign=local&utm_medium=organic",4.9,1034,"Electrician",90,"high","established;high-rated;ai-voice-fit;phone-available;email-available;high-value-trade","7901 Benjamin Rd, Tampa, FL 33634"
"Brandon Electric","(813) 736-6478","customerservice@brandonel.com","https://brandonelectricinc.com/?utm_source=gmb&utm_campaign=tampa",4.8,1421,"Electrician",90,"high","established;high-rated;ai-voice-fit;phone-available;email-available;high-value-trade","1034 Skipper Rd, Tampa, FL 33613"
"A First Choice Pressure Washing","(813) 770-5290","pressureking007@gmail.com","http://afirstchoicetampa.com/",4.9,121,"Pressure washing service",90,"high","weak-website;established;high-rated;ai-voice-fit;phone-available;email-available","8827 Fountain Club Blvd, Tampa, FL 33635"
"Luxe Powerwash","(813) 536-7337","luxepowerwash@gmail.com","http://luxepowerwash.com/",4.9,73,"Pressure washing service",90,"high","weak-website;established;high-rated;ai-voice-fit;phone-available;email-available","5001 Bridge St, Tampa, FL 33611"
"Tampa Bay Soft Wash & Pressure Cleaning, LLC","(727) 641-1296","info@tbsoftwash.com","http://tbsoftwash.com/",4.9,133,"Pressure washing service",90,"high","weak-website;established;high-rated;ai-voice-fit;phone-available;email-available","2569 Redwood Cir, Clearwater, FL 33763"
"Hurricane Tree Specialists","(813) 928-5785","TreeSquirrelz@gmail.com","http://hurricanetreespecialists.com/",5,154,"Tree service",90,"high","weak-website;established;high-rated;ai-voice-fit;phone-available;email-available","8606 Leeward Dr, Tampa, FL 33634"
"Hairy Tree Care","(321) 300-3221","john@findhairy.com","http://findhairy.com/",5,84,"Tree service",90,"high","weak-website;established;high-rated;ai-voice-fit;phone-available;email-available","9323 Hunters Park Way, Tampa, FL 33647"
"Buccaneer Tree Service","(813) 953-6257","buccaneertreeservice@gmail.com","http://buccaneertreeservices.com/",4.9,133,"Tree service",90,"high","weak-website;established;high-rated;ai-voice-fit;phone-available;email-available","2510 Mobilaire Dr, Lutz, FL 33559"
"Troncos's Land","(813) 751-9443","treeservice@troncosland.com","http://www.troncosland.com/",4.9,171,"Tree service",90,"high","weak-website;established;high-rated;ai-voice-fit;phone-available;email-available","9202 Celebration Ct, Tampa, FL 33647"
"D&Y Tree Services","(813) 607-2889","info@dytree.com","http://www.dytree.com/",4.9,174,"Tree service",90,"high","weak-website;established;high-rated;ai-voice-fit;phone-available;email-available","206 W 109th Ave, Tampa, FL 33612"
"Pestgo Exterminators Inc","(813) 875-3083","vance@pestgoexterminatorsinc.com","http://www.pestgoexterminatorsinc.com/",4.6,72,"Pest control service",90,"high","weak-website;established;high-rated;ai-voice-fit;phone-available;email-available","4425 N Cortez Ave, Tampa, FL 33614"
"Hughes Exterminators","(813) 884-1555","tampa@hughes-exterminators.com","http://www.hughes-exterminators.com/florida/tampa-service-center",4.6,256,"Pest control service",90,"high","weak-website;established;high-rated;ai-voice-fit;phone-available;email-available","1781 W Hillsborough Ave, Tampa, FL 33603"
"Tampa Bay Pest Management","(813) 416-3692","kurt@tampabaypestmgmt.com","http://www.tampabaypestmgmt.com/",5,174,"Pest control service",90,"high","weak-website;established;high-rated;ai-voice-fit;phone-available;email-available",""
"Tri-S Pest Control","(813) 936-5850","info@tris1.com","http://www.tri-spestcontrol.com/",4.8,402,"Pest control service",90,"high","weak-website;established;high-rated;ai-voice-fit;phone-available;email-available","802 W Waters Ave, Tampa, FL 33604"
"ONYX Electric","(813) 706-5959","hr@onyxelectricfl.com","https://onyxelectricfl.com/",5,778,"Electrician",90,"high","established;high-rated;ai-voice-fit;phone-available;email-available;high-value-trade","12718 Dupont Cir, Tampa, FL 33626"
"Small Jobs Electric, Inc.","(813) 303-0052","info@smalljobselectric.com","https://www.smalljobselectric.com/",4.8,2195,"Electrician",90,"high","established;high-rated;ai-voice-fit;phone-available;email-available;high-value-trade","5002 W Linebaugh Ave Ste C, Tampa, FL 33624"
"All About Flooring Tampa Bay Contractors","(813) 313-9466","allaboutflooring.fl@gmail.com","http://flooringcontractorstampafl.com/",5,138,"Flooring contractor",90,"high","weak-website;established;high-rated;ai-voice-fit;phone-available;email-available",""
"CapMen Concrete Cutting, Core Drilling, GPR & Fire Stop","(813) 712-9606","amenendez@capmen.net","http://capmen.net/",4.5,67,"Concrete contractor",90,"high","weak-website;established;high-rated;ai-voice-fit;phone-available;email-available","4824 N Hale Ave, Tampa, FL 33614"
"Lucky's Concrete Tampa","(813) 212-6784","info@luckysconcretetampa.com","http://luckysconcretetampa.com/?utm_source=google&utm_medium=local&utm_campaign=gbp",4.9,58,"Concrete contractor",90,"high","weak-website;established;high-rated;ai-voice-fit;phone-available;email-available","3018 US-301, Tampa, FL 33619"
"Premier Home Pros","(855) 209-7818","youremail@yourbusiness.com","http://www.premier-homepros.com/",4.7,341,"Bathroom remodeler",90,"high","weak-website;established;high-rated;ai-voice-fit;phone-available;email-available","5509 Pioneer Park Blvd, Tampa, FL 33634"
"Go Mobile Flooring Headquarters","(813) 765-5665","info@gomobileflooring.com","http://tampaflooringcompany.com/",4.5,96,"Flooring contractor",90,"high","weak-website;established;high-rated;ai-voice-fit;phone-available;email-available","3429 W Spruce St, Tampa, FL 33607"
"YDY Professional Construction LLC","(813) 451-9780","ydyconstruction@hotmail.com","http://www.ydyconstruction.com/",4.9,92,"Kitchen remodeler",90,"high","weak-website;established;high-rated;ai-voice-fit;phone-available;email-available","8711 N Temple Ave, Tampa, FL 33617"
"V&N Remodeling and Construction LLC","(727) 859-8125","vnrcllc@gmail.com","http://vnrc.biz/",4.9,148,"Stucco contractor",90,"high","weak-website;established;high-rated;ai-voice-fit;phone-available;email-available","1546 Illinois Rd, Clearwater, FL 33756"
"The Kitchen Installers - Kitchen Cabinet Installers","(813) 484-2681","info@thekitcheninstallers.com","http://www.thekitcheninstallers.com/",5,70,"Kitchen remodeler",90,"high","weak-website;established;high-rated;ai-voice-fit;phone-available;email-available",""
"Pressure Washing Man","(813) 570-3732","kenny@pressurewashingman.com","http://www.pressurewashingman.com/",5,123,"Pressure washing service",90,"high","weak-website;established;high-rated;ai-voice-fit;phone-available;email-available","14311 Village View Dr, Tampa, FL 33624"
"J Rivers Fence, LLC","(813) 992-4610","info@jriversfence.com","http://jriversfence.com/",4.9,91,"Fence contractor",90,"high","weak-website;established;high-rated;ai-voice-fit;phone-available;email-available","106 S Oregon Ave #2, Tampa, FL 33606"
"Rainier Roofing LLC","(813) 920-9065","info@rainierbuilders.com","https://rainierroofing.com/",4.6,128,"Roofing contractor",90,"high","established;high-rated;ai-voice-fit;phone-available;email-available;high-value-trade","5000 N Nebraska Ave, Tampa, FL 33603"
"Heaven Sent Roofing","(813) 710-6322","//www.google.com/maps/place/Heaven+Sent+Roofing/@27.9294261","https://heavensentroofingfl.com/?utm_source=google&utm_medium=organic&utm_campaign=gmb",4.9,108,"Roofing contractor",90,"high","established;high-rated;ai-voice-fit;phone-available;email-available;high-value-trade","4016 Henderson Blvd, Tampa, FL 33629"
"Evans Roofing of Tampa Bay","(813) 353-0845","Elissa@evansroof.com","https://www.evansroof.com/contact-tampa-fl",4.7,70,"Roofing contractor",90,"high","established;high-rated;ai-voice-fit;phone-available;email-available;high-value-trade","5518 N Armenia Ave, Tampa, FL 33603"
"RoofSmith of Tampa Bay, Inc.","(813) 419-0502","","http://www.myroofsmith.com/",4.8,25,"Roofing contractor",90,"high","weak-website;growing;high-rated;ai-voice-fit;phone-available;high-value-trade","5013 Tampa W Blvd, Tampa, FL 33634"
"Avatar Roofing","(813) 962-7663","avatarroofing@gmail.com","https://avatarroofing.com/",4.7,76,"Roofing contractor",90,"high","established;high-rated;ai-voice-fit;phone-available;email-available;high-value-trade","4407 N Thatcher Ave, Tampa, FL 33614"
"DPR Construction","(813) 354-0995","","http://www.dpr.com/",4.3,23,"Construction company",85,"high","weak-website;growing;ai-voice-fit;phone-available;high-value-trade","Heights Union East, 2002 N Tampa St Suite #100, Tampa, FL 33602"
"Roofing Contractors Tampa, Five Star Roofing and Construction, Roof Repair, Asphalt Shingles","(800) 661-4026","","https://fivestarroofingconstruction.com/",4.7,363,"Roofing contractor",85,"high","established;high-rated;ai-voice-fit;phone-available;high-value-trade","9340 N Florida Ave suite i, Tampa, FL 33612"
"Bay Area Contracting and Construction","(813) 385-7242","tampabayareacc@gmail.com","http://bayareacnc.com/",5,22,"General contractor",85,"high","weak-website;growing;high-rated;ai-voice-fit;phone-available;email-available","8907 N Ola Ave, Tampa, FL 33604"
"Best Construction Company, LLC","(813) 368-1200","gbest@bestconstuctionllc.com","https://www.bestconstructioncompany.pro/",5,25,"Roofing contractor",85,"high","growing;high-rated;ai-voice-fit;phone-available;email-available;high-value-trade","19046 Bruce B Downs Blvd, Tampa, FL 33647"
"Tampa Bay General Contractors","(813) 335-5562","","http://www.tampabaygeneralcontractors.com/",5,111,"General contractor",85,"high","weak-website;established;high-rated;ai-voice-fit;phone-available","4532 W Kennedy Blvd #500, Tampa, FL 33609"
"Reese Roofing & Construction","(813) 657-5203","","https://www.reeseroofing.com/roofer-brandon-fl",5,153,"Roofing contractor",85,"high","established;high-rated;ai-voice-fit;phone-available;high-value-trade","710 Oakfield Dr suite 205, Brandon, FL 33511"
"Herman Renovations","(813) 539-1412","contact@hermanrenovations.com","http://www.hermanrenovations.com/",5,38,"Bathroom remodeler",85,"high","weak-website;growing;high-rated;ai-voice-fit;phone-available;email-available",""
"Dockside Plumbing","(813) 702-5755","","http://www.docksideplumbing.com/",4.9,183,"Plumber",85,"high","weak-website;established;high-rated;ai-voice-fit;phone-available",""
"Super Heat, Air, And Plumbing","(813) 302-1618","","http://superheatandair.com/",4.7,3900,"Air conditioning repair service",85,"high","weak-website;established;high-rated;ai-voice-fit;phone-available","6101 Johns Rd #1, Tampa, FL 33634"
"Air 24/7","(813) 491-8516","","https://air247.com/",4.9,597,"HVAC contractor",85,"high","established;high-rated;ai-voice-fit;phone-available;high-value-trade","3826 S 78th St, Tampa, FL 33619"
"Tampa AC Services Inc","(813) 797-7331","","https://tampa-acservices.com/",5,67,"HVAC contractor",85,"high","established;high-rated;ai-voice-fit;phone-available;high-value-trade","3612 Palm Crossing Dr, Tampa, FL 33613"
"Air Masters of Tampa Bay","(877) 503-0588","","https://airmasters.net/",4.7,1592,"HVAC contractor",85,"high","established;high-rated;ai-voice-fit;phone-available;high-value-trade","4830 N Florida Ave, Tampa, FL 33603"
"REM Air Conditioning of Tampa","(813) 248-5877","","https://www.remairconditioning.com/",4.8,515,"HVAC contractor",85,"high","established;high-rated;ai-voice-fit;phone-available;high-value-trade","3212 N 40th St #602, Tampa, FL 33605"
"A-1 Remodeling","(424) 352-0202","","",5,2,"General contractor",85,"high","needs-website;high-rated;ai-voice-fit;phone-available","117 Margaret St, Brandon, FL 33511"
"The Clean Plumbers - Tampa","(813) 776-6191","","http://www.thecleanplumbers.com/?utm_source=gbp&utm_medium=organic",4.8,951,"Plumber",85,"high","weak-website;established;high-rated;ai-voice-fit;phone-available","14545 N Florida Ave, Tampa, FL 33613"
"Quality Concrete and Pavers Contractor Brandon","(813) 437-9050","","",4.7,12,"Concrete contractor",85,"high","needs-website;high-rated;ai-voice-fit;phone-available",""
"5 Star Quality Construction Inc","(813) 727-6368","FiveStarQualityConstruction@verizon.net","http://5starqualityconstruction.com/",4.7,35,"General contractor",85,"high","weak-website;growing;high-rated;ai-voice-fit;phone-available;email-available",""
"Dones Construction LLC","(813) 298-4110","//www.google.com/maps/place/Dones+Construction+LLC/@27.9392891","http://www.donesconstruction.com/",5,7,"Construction company",85,"high","weak-website;high-rated;ai-voice-fit;phone-available;email-available;high-value-trade","121 N Kings Ave, Brandon, FL 33510"
"CR Pool Service LLC","(813) 534-8186","","http://www.crpoolservicellc.com/",4.2,37,"Swimming pool repair service",85,"high","weak-website;growing;ai-voice-fit;phone-available;high-value-trade","6601 Memorial Hwy #200, Tampa, FL 33615"
"Central Land Care","(813) 765-5296","parker@centrallandcare.com","http://www.centrallandcare.com/",5,29,"Lawn care service",85,"high","weak-website;growing;high-rated;ai-voice-fit;phone-available;email-available","6701 S Manhattan Ave Suite B, Tampa, FL 33616"
"Kenny's Air Conditioning & Heating Services, Inc.","(813) 875-3669","","https://ackenny.com/",4.8,293,"HVAC contractor",85,"high","established;high-rated;ai-voice-fit;phone-available;high-value-trade","4418 N Cortez Ave, Tampa, FL 33614"
"Mike's Lawn Care, Inc.","(813) 508-5853","","https://www.facebook.com/mikeslawncareinc/",4.7,35,"Landscaper",85,"high","needs-website;growing;high-rated;ai-voice-fit;phone-available","7203 S Elliott St, Tampa, FL 33616"
"Elite Land Services","(813) 412-3620","Info@elitelandservice.com","http://www.elitelandservice.com/",4.9,37,"Contractor",85,"high","weak-website;growing;high-rated;ai-voice-fit;phone-available;email-available","7305 N Florida Ave, Tampa, FL 33604"
"Bayshore Painters","(813) 850-0575","info@bayshorepainters.com","http://www.bayshorepainters.com/",5,41,"Painter",85,"high","weak-website;growing;high-rated;ai-voice-fit;phone-available;email-available","1646 W Snow Ave Suite 135, Tampa, FL 33606"
"And Services","(813) 445-4818","","https://www.andservices.com/",4.6,10660,"HVAC contractor",85,"high","established;high-rated;ai-voice-fit;phone-available;high-value-trade","5010 N Cortez Ave, Tampa, FL 33614"
"Concrete Designs of Tampa Bay LLC","(813) 803-3134","contact@concretedesignstampabay.com","http://www.concretedesignstampabay.com/",4.6,40,"Concrete contractor",85,"high","weak-website;growing;high-rated;ai-voice-fit;phone-available;email-available","14230 Carlson Cir, Tampa, FL 33626"
"Leo's Construction","(727) 337-8602","office@leosconstructionfl.com","http://leosconstructionfl.com/",5,11,"Construction company",85,"high","weak-website;high-rated;ai-voice-fit;phone-available;email-available;high-value-trade",""
"Momentum AC & Electric","(813) 776-5320","","https://www.momentumacpro.com/",4.9,1392,"HVAC contractor",85,"high","established;high-rated;ai-voice-fit;phone-available;high-value-trade","3113 N Armenia Ave, Tampa, FL 33607"
"Presto Painting Services Tampa Bay","(813) 670-8374","","http://www.prestopaintingservices.com/",4.9,562,"Painter",85,"high","weak-website;established;high-rated;ai-voice-fit;phone-available","4432 W Iowa Ave, Tampa, FL 33616"
"SouthEastern General Contractors","(910) 817-6928","contact@southeasterngc.com","http://www.southeasterngc.com/",5,24,"Custom home builder",85,"high","weak-website;growing;high-rated;ai-voice-fit;phone-available;email-available",""
"CJS Electric Inc.","(813) 887-1090","admin@CJSelectric7.com","http://www.cjselectric7.com/",4.8,35,"Contractor",85,"high","weak-website;growing;high-rated;ai-voice-fit;phone-available;email-available","4119 Gunn Hwy STE 28, Tampa, FL 33618"
"Acme Electrical Services","(813) 878-2263","","https://www.acmeelectricalservices.com/",4.9,112,"Electrician",85,"high","established;high-rated;ai-voice-fit;phone-available;high-value-trade","6707 N Rome Ave, Tampa, FL 33604"
"Force","(813) 328-7223","","https://www.forceelectricservice.com/",4.9,734,"Electrician",85,"high","established;high-rated;ai-voice-fit;phone-available;high-value-trade","8910 N Dale Mabry Hwy UNIT 36, Tampa, FL 33614"
"Mister Sparky","(813) 358-4850","","https://tampamistersparky.com/?utm_source=GBP&utm_medium=organic&utm_campaign=tampagbp",4.8,2605,"Electrician",85,"high","established;high-rated;ai-voice-fit;phone-available;high-value-trade","5808 N 56th St, Tampa, FL 33610"
"Jons Pressure Washing Tampa Bay LLC","(813) 501-2175","%20Jonspwtb@gmail.com","http://tampapressurewashing.org/",4.9,42,"Pressure washing service",85,"high","weak-website;growing;high-rated;ai-voice-fit;phone-available;email-available",""
"Payne Pool Professionals Tampa","(813) 421-1159","","https://paynepoolprofessionals.com/tampa/",4.9,55,"Swimming pool contractor",85,"high","established;high-rated;ai-voice-fit;phone-available;high-value-trade",""
"Pro Clean Pressure","(813) 285-4414","","http://tampabaypressurewashingservices.com/",5,75,"Pressure washing service",85,"high","weak-website;established;high-rated;ai-voice-fit;phone-available",""
"Experience Tree Service","(813) 695-8375","","http://www.etstrees.com/",4.9,57,"Tree service",85,"high","weak-website;established;high-rated;ai-voice-fit;phone-available","7104 Creekside Ct, Tampa, FL 33615"
"American Construction Experts, Inc.","(813) 267-7471","Info@BuiltByACEinc.com","http://www.builtbyaceinc.com/",5,13,"Construction company",85,"high","weak-website;high-rated;ai-voice-fit;phone-available;email-available;high-value-trade","10306 Fisher Ave, Tampa, FL 33619"
"Tier 1 Pest Solutions","(813) 548-6341","","http://www.tier1pestsolution.com/",4.9,1583,"Pest control service",85,"high","weak-website;established;high-rated;ai-voice-fit;phone-available","3902 Corporex Park Dr Suite 450, Tampa, FL 33619"
"Coastal Construction Tampa","(813) 393-4690","info@coastalconstruction.com","http://www.coastalconstruction.com/",5,4,"Construction company",85,"high","weak-website;high-rated;ai-voice-fit;phone-available;email-available;high-value-trade","201 E Kennedy Blvd #450, Tampa, FL 33602"
"Independent Tree Service, Inc.","(813) 971-6217","","http://www.independenttreeservice.com/?utm_source=gmb&utm_medium=organic",5,728,"Tree service",85,"high","weak-website;established;high-rated;ai-voice-fit;phone-available","2609 N Armenia Ave, Tampa, FL 33607"
"Concrete Contractors Tampa","(813) 590-7434","","",5,2,"Concrete contractor",85,"high","needs-website;high-rated;ai-voice-fit;phone-available","6187 Scorpio Cir, Tampa, FL 33614"
"Panda Concrete Construction LLC","(203) 520-7079","pandaoutdoorrenovations@gmail.com","http://pandaconcreteconstruction.com/",5,28,"Concrete contractor",85,"high","weak-website;growing;high-rated;ai-voice-fit;phone-available;email-available","5110 S Manhattan Ave, Tampa, FL 33611"
"The Flooring District","(813) 515-5900","","http://www.theflooringdistrict.com/",4.8,310,"Flooring store",85,"high","weak-website;established;high-rated;ai-voice-fit;phone-available","5906 Johns Rd, Tampa, FL 33634"
"CSI Construction Services, Inc.","(813) 532-4506","lauralay@csioftampa.com","http://www.csioftampa.com/",5,1,"Construction company",85,"high","weak-website;high-rated;ai-voice-fit;phone-available;email-available;high-value-trade","1907 W Kennedy Blvd, Tampa, FL 33606"
"Dynasty Pools and Spas","(813) 377-2002","","https://dynastypoolsfl.com/",4.6,73,"Swimming pool contractor",85,"high","established;high-rated;ai-voice-fit;phone-available;high-value-trade","6089 Johns Rd #3, Tampa, FL 33634"
"CSS Concrete Contractor Tampa FL.","(813) 796-8406","","http://concretepatioanddrivewaytampafl.com/",4.8,54,"Concrete contractor",85,"high","weak-website;established;high-rated;ai-voice-fit;phone-available","6702 N 33rd St, Tampa, FL 33610"
"Park & Eleazer Construction","(727) 216-6591","austin@parkeleazer.com","http://www.parkeleazer.com/",4.8,45,"General contractor",85,"high","weak-website;growing;high-rated;ai-voice-fit;phone-available;email-available","2363 Gulf to Bay Blvd, Clearwater, FL 33765"
"One Clearwater Construction","(727) 314-2191","info@oneclearwaterconstruction.com","https://oneclearwaterconstruction.com/",5,22,"Construction company",85,"high","growing;high-rated;ai-voice-fit;phone-available;email-available;high-value-trade",""
"Polo Builders, Inc.","(727) 234-0701","info@polobuilders.com","http://www.polobuilders.com/",5,27,"Contractor",85,"high","weak-website;growing;high-rated;ai-voice-fit;phone-available;email-available","515 N Myrtle Ave, Clearwater, FL 33755"
"Home Love Construction","(727) 809-5802","","http://homelove.construction/",4.6,694,"General contractor",85,"high","weak-website;established;high-rated;ai-voice-fit;phone-available","51 S Main Ave Suite 312, Clearwater, FL 33765"
"Bathroom Remodel Tampa","(813) 544-5176","","",5,1,"Bathroom remodeler",85,"high","needs-website;high-rated;ai-voice-fit;phone-available","601 S Harbour Island Blvd, Tampa, FL 33602"
"Val's Fencing LLC","(813) 577-9870","","http://fencecontractortampa-fl.com/",4.9,58,"Fence contractor",85,"high","weak-website;established;high-rated;ai-voice-fit;phone-available",""
"Clearwater Shower Bath","(727) 265-1141","","http://www.clearwatershowerbath.com/",5,474,"Bathroom remodeler",85,"high","weak-website;established;high-rated;ai-voice-fit;phone-available","13191 56th Ct N Suite 109, Clearwater, FL 33760"
"SouthShore Roofing & Exteriors","(813) 400-3329","","https://southshorecontractorstampa.com/?utm_source=google&utm_medium=listing&utm_campaign=tampa&utm_term=primary",4.8,570,"Roofing contractor",85,"high","established;high-rated;ai-voice-fit;phone-available;high-value-trade","5128 Puritan Rd, Tampa, FL 33617"
"Fashion Home Improvement","(813) 965-1484","","http://www.fashionhomeimprovementtampaflorida.com/",4.9,62,"Remodeler",85,"high","weak-website;established;high-rated;ai-voice-fit;phone-available",""
"Steadfast Roofing","(813) 726-4590","info@steadfastroofingfl.com","https://steadfastroofingfl.com/roofing/tampa/",5,35,"Roofing contractor",85,"high","growing;high-rated;ai-voice-fit;phone-available;email-available;high-value-trade","3104 N Armenia Ave Suite 2, Tampa, FL 33607"
"Tampa Roofing Company, Inc.","(813) 238-6436","","http://www.tamparoofing.com/",3.8,21,"Roofing contractor",85,"high","weak-website;growing;ai-voice-fit;phone-available;high-value-trade","1700 E Ellicott St, Tampa, FL 33610"
"Action Roofing","(813) 921-6229","","https://actionroofing.com/tampa-roofing/",4.9,127,"Roofing contractor",85,"high","established;high-rated;ai-voice-fit;phone-available;high-value-trade","6704 Benjamin Rd Suite 200, Tampa, FL 33634"
"Red Fox Roofers of Tampa","(813) 320-7657","","https://redfoxroofers.com/",5,77,"Roofing contractor",85,"high","established;high-rated;ai-voice-fit;phone-available;high-value-trade","625 E Twiggs St 1093 a1, Tampa, FL 33602"
"The Roofing Company","(727) 916-3151","","https://www.tampabayroofs.com/",4.8,481,"Roofing contractor",85,"high","established;high-rated;ai-voice-fit;phone-available;high-value-trade","5635 FL-54, New Port Richey, FL 34652"
"Westfall Roofing","(813) 291-0693","","https://www.westfallroofing.com/roofing-contractor-in-tampa-fl/?utm_campaign=gmb",4.8,1803,"Roofing contractor",85,"high","established;high-rated;ai-voice-fit;phone-available;high-value-trade","5413 W Sligh Ave, Tampa, FL 33634"
"BBCG - Blue Bay Construction Group","(727) 504-0125","contact@bluebayconstructiongroup.com","https://www.bluebayconstructiongroup.com/",5,61,"General contractor",80,"high","established;high-rated;ai-voice-fit;phone-available;email-available","10922 N Blvd, Tampa, FL 33612"
"Rossi Construction","(813) 436-0177","jason@jrossiconstruction.com","https://www.jrossiconstruction.com/",4.2,26,"Construction company",80,"high","growing;ai-voice-fit;phone-available;email-available;high-value-trade","6708 Benjamin Rd Suite 400, Tampa, FL 33634"
"All Pro Plumbing & Air","(813) 616-1851","accounting@callthepro.com","https://callthepro.com/?utm_source=gmb&utm_medium=organic&utm_campaign=gmb-profile-tampa",4.9,752,"Plumber",80,"high","established;high-rated;ai-voice-fit;phone-available;email-available","5555 W Linebaugh Ave Suite #100, Tampa, FL 33624"
"Ultimate Plumbing Solutions LLC","(813) 296-2010","Sales@UltimatePlumbingSolutions.com","https://ultimateplumbingsolutions.com/",4.9,437,"Plumber",80,"high","established;high-rated;ai-voice-fit;phone-available;email-available","4207 S Dale Mabry Hwy unit 10301, Tampa, FL 33611"
"JJM Plumbing","(813) 833-4987","jjmplumbing84@gmail.com","https://www.jjmplumbingfl.com/",5,168,"Plumber",80,"high","established;high-rated;ai-voice-fit;phone-available;email-available",""
"Dempsey Construction","(813) 310-2594","","http://www.dempseyconstruction.builders/",4.8,32,"Remodeler",80,"high","weak-website;growing;high-rated;ai-voice-fit;phone-available","525 S Terrace Dr, Brandon, FL 33510"
"FL HVAC Team","(727) 618-6231","Service@flhvacteam.com","https://www.flhvacteam.com/?utm_source=google&utm_medium=organic&utm_campaign=GMBListing-Tampa-FL",5,117,"Air conditioning contractor",80,"high","established;high-rated;ai-voice-fit;phone-available;email-available","6001 Johns Rd Suite 223, Tampa, FL 33634"
"Sunstate Mechanical Contractors, Inc.","(813) 657-8200","joe@sunstatemech.com","https://www.hvacrepairtampa.com/?utm_source=GBP&utm_medium=GBP&utm_campaign=GBP",4.9,161,"Air conditioning repair service",80,"high","established;high-rated;ai-voice-fit;phone-available;email-available",""
"The Comfort Authority","(813) 461-4819","cs@thecomfortauthority.com","https://www.thecomfortauthority.com/?utm_source=google&utm_medium=gbp",4.9,1768,"Plumber",80,"high","established;high-rated;ai-voice-fit;phone-available;email-available","9608 N Nebraska Ave, Tampa, FL 33612"
"Excellent Plumbing Services","(813) 734-9192","excellent@excellentplumbingservices.com","https://www.excellentplumbingtampa.com/",4.9,190,"Plumber",80,"high","established;high-rated;ai-voice-fit;phone-available;email-available","2129 W Marianna St, Tampa, FL 33612"
"Formula Plumbing South Tampa, FL","(813) 761-2749","formulaplumbing@gmail.com","https://formulaplumbing.com/?utm_source=google&utm_medium=gbp-tam",4.9,419,"Plumber",80,"high","established;high-rated;ai-voice-fit;phone-available;email-available","3902 Henderson Blvd Suite 208 #33, Tampa, FL 33629"
"Premium Plumbing","(813) 773-6486","service@mypremiumplumbing.com","https://mypremiumplumbing.com/",4.9,487,"Plumber",80,"high","established;high-rated;ai-voice-fit;phone-available;email-available","4706 N Thatcher Ave, Tampa, FL 33614"
"Olin Plumbing Inc.","(813) 443-5820","info@olinplumbinginc.com","https://www.plumberstampa.com/",4.9,1230,"Plumber",80,"high","established;high-rated;ai-voice-fit;phone-available;email-available","3201 E 8th Ave, Tampa, FL 33605"
"Cass Plumbing, Inc.","(813) 680-2980","Kerry@CassPlumbingTampaBay.com","https://cassplumbingtampabay.com/",4.5,760,"Plumber",80,"high","established;high-rated;ai-voice-fit;phone-available;email-available","4808 N Hubert Ave, Tampa, FL 33614"
"Red Cap Plumbing, Air & Electric","(813) 596-3030","redcappresident@redcapnow.com","https://redcapnow.com/?utm_campaign=gmb_rc_home_everyone_gmb-tampa&utm_medium=gmb&utm_source=google",4.7,7189,"Plumber",80,"high","established;high-rated;ai-voice-fit;phone-available;email-available","7218 E M.L.K. Jr Blvd, Tampa, FL 33619"
"EVERYDAYPLUMBER.com","(813) 872-0200","info@everydayplumber.com","https://everydayplumber.com/",4.8,1309,"Plumber",80,"high","established;high-rated;ai-voice-fit;phone-available;email-available","3912 W South Ave, Tampa, FL 33614"
"Roof Artisan LLC","(813) 361-7444","","https://www.roofartisan.com/",4.6,33,"Roofing contractor",80,"high","growing;high-rated;ai-voice-fit;phone-available;high-value-trade","911 N Parsons Ave, Brandon, FL 33510"
"Apex Plumbing","(813) 502-0008","zackarycarney@aol.com","https://www.apexdoyourplumbing.com/service-areas/plumbers-tampa-fl/?utm_campaign=gmb&utm_medium=gmb&utm_source=google",4.9,187,"Plumber",80,"high","established;high-rated;ai-voice-fit;phone-available;email-available","5523 W Cypress St Ste 105, Tampa, FL 33607"
"PRO CONSTRUCTION CENTER, LLC","(813) 291-9902","","https://proconstructioncenter.com/",5,26,"Construction company",80,"high","growing;high-rated;ai-voice-fit;phone-available;high-value-trade","501 Tomahawk Trail, Brandon, FL 33511"
"JD Contractors","(813) 662-4755","","https://jdc-roofing.com/",5,36,"Roofing contractor",80,"high","growing;high-rated;ai-voice-fit;phone-available;high-value-trade","207 E Robertson St Suite E, Brandon, FL 33511"
"Sunshine Plumbers of Tampa","(813) 550-2465","web@thesunshineplumbers.com","https://www.thesunshineplumbers.com/",4.9,55,"Plumber",80,"high","established;high-rated;ai-voice-fit;phone-available;email-available","100 Ashley Dr S Suite 600A, Tampa, FL 33602"
"Mark's Painting","(813) 831-5433","mark@markspainting.com","https://www.markspainting.com/",4.7,127,"Painter",80,"high","established;high-rated;ai-voice-fit;phone-available;email-available","13919 Carrollwood Village Run SUITE 4, Tampa, FL 33618"
"Cody Pools","(813) 693-5674","","https://florida.codypools.com/",4.4,975,"Swimming pool contractor",80,"high","established;ai-voice-fit;phone-available;high-value-trade","6846 N Dale Mabry Hwy, Tampa, FL 33614"
"Medscapes LLC","(813) 382-5801","contact@medscapes.net","https://medscapes.net/",4.7,157,"Landscaper",80,"high","established;high-rated;ai-voice-fit;phone-available;email-available","5328 Sand Crane Ct, Wesley Chapel, FL 33543"
"Top Rank Solutions","(813) 495-2399","info@trstopranksolutions.com","https://trstopranksolutions.com/",5,93,"Landscape designer",80,"high","established;high-rated;ai-voice-fit;phone-available;email-available","1011 E Cumberland Ave, Tampa, FL 33602"
"Green Roots","(813) 291-0071","info@greenrootstampabay.com","https://greenrootstampabay.com/?utm_source=gbp&utm_medium=organic",4.9,63,"Landscaper",80,"high","established;high-rated;ai-voice-fit;phone-available;email-available",""
"Soil & Bloom","(813) 588-5276","info@soilandbloom.com","https://www.soilandbloom.com/",4.9,64,"Lawn care service",80,"high","established;high-rated;ai-voice-fit;phone-available;email-available","5010 N Nebraska Ave, Tampa, FL 33604"
"Ziggi's Landscaping LLC","(720) 280-6358","ziggislawns@gmail.com","https://ziggislandscaping.com/",4.9,201,"Landscaper",80,"high","established;high-rated;ai-voice-fit;phone-available;email-available","325 Danube Ave, Tampa, FL 33606"
"Fresh Coat Painters of Tampa","(813) 798-4869","mboden@freshcoatpainters.com","https://freshcoatpainters.com/locations/tampa/?utm_campaign=gmb",4.9,173,"Painter",80,"high","established;high-rated;ai-voice-fit;phone-available;email-available","5331 Primrose Lake Cir Suite 104, Tampa, FL 33647"
"Tampa Bay Painting Company","(727) 800-5988","estimates@tbpaintingco.com","https://www.tampabaypaintingcompany.com/?utm_source=gmb&utm_medium=referral",5,82,"Painter",80,"high","established;high-rated;ai-voice-fit;phone-available;email-available",""
"Tampa Pro Painting","(813) 419-7266","sales@tampapropainting.com","https://tampapropainting.com/",5,69,"Painter",80,"high","established;high-rated;ai-voice-fit;phone-available;email-available",""
"Purple Painting and Services LLC","(813) 638-4663","admin@purplepaintingfl.com","https://www.purplepaintingfl.com/",5,91,"Painting",80,"high","established;high-rated;ai-voice-fit;phone-available;email-available","1902 W Main St, Tampa, FL 33607"
"Tampa Epoxy Flooring","(813) 851-3977","","http://mjepoxycoatinggaragefloortampa.com/",5,22,"Flooring contractor",80,"high","weak-website;growing;high-rated;ai-voice-fit;phone-available",""
"Red Eagle Flooring","(813) 807-3359","admin@redeagleflooring.com","https://redeagleflooring.com/?utm_source=gmb",5,139,"Flooring contractor",80,"high","established;high-rated;ai-voice-fit;phone-available;email-available",""
"Noel Painting Services LLC","(813) 797-4448","wendy@noelpaintingservices.com","https://noelpaintingservices.com/?utm_campaign=gmb",5,739,"Painter",80,"high","established;high-rated;ai-voice-fit;phone-available;email-available","1902 N Mitchell Ave, Tampa, FL 33602"
"I & C Electrical Contracting Services","(813) 514-8250","andre_w@electricalgeneratortampa.com","https://electricalgeneratortampa.com/",4.9,146,"Electrical installation service",80,"high","established;high-rated;ai-voice-fit;phone-available;email-available",""
"Heights Soft Wash","(813) 377-7940","info@heightssoftwash.com","https://heightssoftwash.com/",5,219,"Pressure washing service",80,"high","established;high-rated;ai-voice-fit;phone-available;email-available",""
"Thalle Construction Co. Inc.","(919) 245-1490","alan.marquez@thalle.com","http://www.thalle.com/",4,20,"Construction company",80,"high","weak-website;ai-voice-fit;phone-available;email-available;high-value-trade","900 NC-86, Hillsborough, NC 27278"
"Tampa Wash Bros Pressure Washing","(813) 519-4512","tampawashbros@gmail.com","https://tampawashbrospressurewashing.com/",5,115,"Pressure washing service",80,"high","established;high-rated;ai-voice-fit;phone-available;email-available","1716 E Henry Ave, Tampa, FL 33610"
"First Response Pressure Wash","(813) 600-8043","firstresponsepressurewash@gmail.com","https://www.firstresponsepressurewash.com/",4.9,202,"Pressure washing service",80,"high","established;high-rated;ai-voice-fit;phone-available;email-available",""
"American Dream Pressure Clean","(813) 822-5326","contact@adpressureclean.com","https://adpressureclean.com/",5,237,"Pressure washing service",80,"high","established;high-rated;ai-voice-fit;phone-available;email-available","11309 N 51st St #208, Tampa, FL 33617"
"Elite Pressure Washing, LLC","(813) 508-0505","elitepressurewashingtpa@gmail.com","https://elitepressurewashingtpa.com/",5,110,"Pressure washing service",80,"high","established;high-rated;ai-voice-fit;phone-available;email-available",""
"Pink Flamingo Power Wash","(813) 458-0864","info@pinkflamingopowerwash.com","https://www.pinkflamingopowerwash.com/",5,621,"Pressure washing service",80,"high","established;high-rated;ai-voice-fit;phone-available;email-available","3303 N Lakeview Dr Suite 2906, Tampa, FL 33618"
"Mira Home","(614) 605-9004","support@mirapest.com","https://mirapest.com/locations/columbus-oh/?utm_source=organic&utm_medium=google_business&utm_campaign=columbus_oh",4.6,286,"Pest control service",80,"high","established;high-rated;ai-voice-fit;phone-available;email-available",""
"Ambush Tree Service","(813) 308-9130","ambushmail11@gmail.com","https://ambushtreeservice.com/",4.8,114,"Tree service",80,"high","established;high-rated;ai-voice-fit;phone-available;email-available","1808 S 86th St, Tampa, FL 33619"
"Concrete Contractors","(813) 680-5542","","",,0,"Contractor",80,"high","needs-website;ai-voice-fit;phone-available","9114 Suffield Ct, Tampa, FL 33615"
"American Construction Services","(813) 247-1419","","http://www.americancsi.com/",5,6,"Construction company",80,"high","weak-website;high-rated;ai-voice-fit;phone-available;high-value-trade","719 S 50th St, Tampa, FL 33619"
"Clarke's Pro Tree Service","(813) 516-6973","clarkesprotrees@gmail.com","https://clarkespro.com/",4.9,162,"Tree service",80,"high","established;high-rated;ai-voice-fit;phone-available;email-available","14905 Fisher Rd, Tampa, FL 33613"
"Mid Florida Forestry LLC Tree Care 24HR Emergency Tree Service","(813) 270-4624","","http://www.midfloridaforestry.com/",4.6,46,"Tree service",80,"high","weak-website;growing;high-rated;ai-voice-fit;phone-available","3306 W Pearl Ave, Tampa, FL 33611"
"Knuckleheads Tree Service, Inc","(813) 428-3149","duane@knuckleheadstreeservice.com","https://www.knuckleheadstreeservice.com/",4.7,64,"Tree service",80,"high","established;high-rated;ai-voice-fit;phone-available;email-available","17946 Simmons Rd, Lutz, FL 33548"
"Bay Bright Pressure Washing & Services LLC","(813) 580-0081","BayBrightWashing@gmail.com","https://baybrightpressurewashing.com/",4.9,71,"Pressure washing service",80,"high","established;high-rated;ai-voice-fit;phone-available;email-available",""
"Gulf Coast Trees","(813) 835-8733","Patrick@gulfcoasttree.biz","https://www.gulfcoasttree.biz/",5,250,"Tree service",80,"high","established;high-rated;ai-voice-fit;phone-available;email-available","6031 S 2nd St, Tampa, FL 33611"
"Arbor Bay Tree Service","(813) 565-0131","office@arborbayinc.com","https://www.arborbayinc.com/?utm_source=gbp&utm_medium=organic&utm_campaign=gbp-listing&utm_content=tampa-branch",4.9,352,"Tree service",80,"high","established;high-rated;ai-voice-fit;phone-available;email-available","4402 W Osborne Ave, Tampa, FL 33614"
"Signature Tree & Home","(813) 516-4459","tby1126@gmail.com","https://www.signaturetreetrimming.com/",4.9,174,"Tree service",80,"high","established;high-rated;ai-voice-fit;phone-available;email-available","11800 N Florida Ave, Tampa, FL 33682"
"H&M Tree Service","(813) 244-0050","hammad@hnmtreeservice.com","https://hnmtreeservice.com/",5,131,"Tree service",80,"high","established;high-rated;ai-voice-fit;phone-available;email-available","165 Sinclair Hills Rd, Tampa, FL 33613"
"Spidexx Pest Control","(813) 618-5200","info@spidexx.com","https://www.spidexx.com/locations/tampa-fl",4.7,905,"Pest control service",80,"high","established;high-rated;ai-voice-fit;phone-available;email-available","1717 E Busch Blvd Unit 807, Tampa, FL 33612"
"Truly Nolen Pest & Termite Control","(813) 238-8189","manager.094@trulynolen.com","https://locations.trulynolen.com/fl/tampa/tampa-094.html?utm_source=local&utm_medium=organic&utm_campaign=googlemybusiness",4.7,997,"Pest control service",80,"high","established;high-rated;ai-voice-fit;phone-available;email-available","4842 N Florida Ave, Tampa, FL 33603"
"The Rodent Pros","(727) 922-4637","DaltonOhara@therodentprofessionals.com","https://therodentprofessionals.com/",5,294,"Pest control service",80,"high","established;high-rated;ai-voice-fit;phone-available;email-available","1810 W Kennedy Blvd suite 314, Tampa, FL 33606"
"OB Flooring Inc","(813) 866-0990","","http://www.obflooring.com/",5,24,"Flooring contractor",80,"high","weak-website;growing;high-rated;ai-voice-fit;phone-available","2409 N Armenia Ave, Tampa, FL 33607"
"Start2Finish Flooring","(813) 888-7270","bill@start2finishflooring.com","https://www.start2finishflooring.com/",4.8,76,"Flooring contractor",80,"high","established;high-rated;ai-voice-fit;phone-available;email-available","5426 W Crenshaw St suite a, Tampa, FL 33634"
"The Noble Floors Wholesale Tile Vinyl Plank Laminate Wood Stones","(813) 504-9848","admin@thenoblefloors.com","https://thenoblefloors.com/",4.9,134,"Flooring store",80,"high","established;high-rated;ai-voice-fit;phone-available;email-available","6131 Anderson Rd, Tampa, FL 33634"
"Tampa Bay Flooring","(727) 831-0469","sean@tampabayflooring.net","https://tampabayflooring.net/",5,170,"Flooring store",80,"high","established;high-rated;ai-voice-fit;phone-available;email-available","2112 Sunnydale Blvd Suite L, Clearwater, FL 33765"
"Standard Concrete Products, Inc.","(813) 831-9520","mlampton@standardconcrete.net","http://www.standardconcrete.net/",4.1,34,"Concrete contractor",80,"high","weak-website;growing;ai-voice-fit;phone-available;email-available","5801 Commerce St, Tampa, FL 33616"
"Proforce Pest Control - Tampa","(656) 232-0701","customercare@proforcepest.com","https://proforcepest.com/where-we-service/tampa-fl-pest-control/?utm_content=tampa-fl&utm_medium=gbp&utm_source=google",4.6,1856,"Pest control service",80,"high","established;high-rated;ai-voice-fit;phone-available;email-available","5909 Breckenridge Pkwy Suite A, Tampa, FL 33610"
"West Florida Concrete","(813) 362-6994","robert@westfloridaconcrete.com","http://www.westfloridaconcrete.com/",4,21,"Concrete contractor",80,"high","weak-website;growing;ai-voice-fit;phone-available;email-available","4503 E 28th Ave, Tampa, FL 33605"
"Step Up Home Improvements","(561) 660-0997","info@stepuphomeimprovements.com","https://stepuphomeimprovements.com/",4.9,302,"General contractor",80,"high","established;high-rated;ai-voice-fit;phone-available;email-available","4401 E Hillsborough Ave, Tampa, FL 33610"
"Sherman General Contracting, Inc.","(727) 207-1227","","http://www.shermangc.com/",5,15,"Construction company",80,"high","weak-website;high-rated;ai-voice-fit;phone-available;high-value-trade",""
"Nelson Construction And Renovations, Inc.","(727) 596-9006","info@nelsoncr.com","https://nelsonconstructionrenos.com/",4.5,105,"General contractor",80,"high","established;high-rated;ai-voice-fit;phone-available;email-available","1174 Court St, Clearwater, FL 33756"
"Jam Carolina Exteriors","(919) 424-1933","chris@jamcarolina.com","https://www.jamcarolina.com/",5,70,"Deck builder",80,"high","established;high-rated;ai-voice-fit;phone-available;email-available",""
"Olympian Painting Services LLC","(586) 382-1603","olympianpainting@gmail.com","https://olympianpainting.biz/",4.8,82,"Painter",80,"high","established;high-rated;ai-voice-fit;phone-available;email-available","3619 E 10th Ave, Tampa, FL 33605"
"Angel’s Professional Cabinetry","(813) 394-5985","info@angelsprocabinetry.com","https://angelsprocabinetry.com/",5,57,"Kitchen remodeler",80,"high","established;high-rated;ai-voice-fit;phone-available;email-available",""
"Long Home","(813) 536-5069","info@longhome.com","https://longhome.com/locations/florida/?utm_source=gbp&utm_medium=local&utm_campaign=riverviewfl",4.8,403,"Bathroom remodeler",80,"high","established;high-rated;ai-voice-fit;phone-available;email-available","4035 Crescent Park Dr Suite 4035, Riverview, FL 33578"
"Lindross Remodeling","(727) 330-3995","","http://www.lindrossremodeling.com/",5,22,"Contractor",80,"high","weak-website;growing;high-rated;ai-voice-fit;phone-available","8473 W Linebaugh Ave, Tampa, FL 33625"
"Florida Bathtub Refinishing","(813) 392-8650","floridarefinishing@live.com","https://floridarefinishing.com/",4.9,228,"Bathroom remodeler",80,"high","established;high-rated;ai-voice-fit;phone-available;email-available","6415 Golden Dr, Tampa, FL 33634"
"Charter Electric","(813) 344-2178","","https://choosecharterelectric.com/",4.5,22,"Electrician",80,"high","growing;high-rated;ai-voice-fit;phone-available;high-value-trade","711 S Howard Ave # 200, Tampa, FL 33606"
"KITCHEN REMODEL ABG","(813) 313-6934","info@kitchenremodelabg.us","https://kitchenremodelabg.us/",5,51,"Kitchen remodeler",80,"high","established;high-rated;ai-voice-fit;phone-available;email-available",""
"Next Level Shower & Bath LLC","(813) 796-5333","officemanager@nextlevelshowers.com","https://nextlevelshowers.com/?utm_source=GMB",5,70,"Bathroom remodeler",80,"high","established;high-rated;ai-voice-fit;phone-available;email-available",""
"Advanced Fence N More LLC","(813) 644-4010","advancedfencenmore@gmail.com","https://www.advancedfencenmore.com/",4.9,117,"Fence contractor",80,"high","established;high-rated;ai-voice-fit;phone-available;email-available","7605 Gunn Hwy suite b, Tampa, FL 33625"
"Tampa Fence","(813) 960-4300","Info@tampafence.com","https://tampafence.com/",4.9,124,"Fence contractor",80,"high","established;high-rated;ai-voice-fit;phone-available;email-available","2134 W Chestnut St, Tampa, FL 33607"
"Total Quality Fence and Remodeling","(813) 703-1148","sales@tqfence20.com","https://www.tqfenceandremodeling.com/contact-us",4.7,250,"Fence contractor",80,"high","established;high-rated;ai-voice-fit;phone-available;email-available","5822 Barry Ln, Tampa, FL 33634"
"Elite Builder Renovations LLC","(813) 743-4830","admin@elitebuilderrenovation.com","https://elitebuilderrenovation.com/?utm_campaign=gmb",5,55,"Remodeler",80,"high","established;high-rated;ai-voice-fit;phone-available;email-available","2510 Lorraine St, Tampa, FL 33614"
"Insignia Landscape","(813) 474-9847","office@insignia-landscape.com","https://insignia-landscape.com/",4.8,182,"Landscaper",80,"high","established;high-rated;ai-voice-fit;phone-available;email-available","6010 Anderson Rd, Tampa, FL 33634"
"C&S Concrete Services","(813) 344-3716","LSantana@csconcreteservices.net","https://csconcreteservices.net/?utm_source=GoogleBusinessProfile&utm_medium=organic",4.9,79,"Concrete contractor",80,"high","established;high-rated;ai-voice-fit;phone-available;email-available",""
"Dynamite Fence Tampa","(813) 928-4676","//www.google.com/maps/place/Dynamite+Fence+Tampa/@27.8984309","https://dynamitefencetampa.com/",4.8,319,"Fence contractor",80,"high","established;high-rated;ai-voice-fit;phone-available;email-available","3208 Las Brisas Dr, Riverview, FL 33578"
"Stand Strong Fencing of Tampa","(813) 547-6157","help@standstrongfencing.com","https://www.standstrongfencing.com/tampa-fl/",5,51,"Fence contractor",80,"high","established;high-rated;ai-voice-fit;phone-available;email-available","13213 N Nebraska Ave Suite A, Tampa, FL 33612"
"Construction Corps","(727) 999-1855","office@constructioncorps.com","https://constructioncorps.com/",5,107,"General contractor",80,"high","established;high-rated;ai-voice-fit;phone-available;email-available","2054 Weaver Park Dr, Clearwater, FL 33765"
"Coelum Construction LLC","(813) 494-3530","info@coelumconstruction.com","https://coelumconstruction.com/?utm_source=GMB&utm_medium=organic&utm_campaign=Google+My+Busines",4.6,45,"General contractor",75,"medium","growing;high-rated;ai-voice-fit;phone-available;email-available","12360 Race Track Rd, Tampa, FL 33626"
"Beyond Builders","(813) 253-2922","cs@beyondbuilderstampa.com","https://beyondbuilderstampa.com/",5,50,"Custom home builder",75,"medium","growing;high-rated;ai-voice-fit;phone-available;email-available","442 W Kennedy Blvd Suite 310, Tampa, FL 33606"
"Stress Free Construction, LLC","(813) 737-2477","info@stressfreeconstruction.com","http://www.stressfreecustomhomes.com/",5,7,"Custom home builder",75,"medium","weak-website;high-rated;ai-voice-fit;phone-available;email-available","4501 E Columbus Dr, Tampa, FL 33605"
"CMK Construction, Inc","(813) 379-2116","","https://www.cmkconstructioninc.com/?utm_content=LOCAL%20SEO%20GMB%20TMP",4.9,406,"Bathroom remodeler",75,"medium","established;high-rated;ai-voice-fit;phone-available","13329 W Hillsborough Ave, Tampa, FL 33635"
"Gerardi Construction Inc","(813) 248-4341","reception@gerardiconstruction.com","http://www.gerardiconstruction.com/",4.7,10,"General contractor",75,"medium","weak-website;high-rated;ai-voice-fit;phone-available;email-available","1604 N 19th St, Tampa, FL 33605"
"Turbo Plumbing","(813) 404-8137","","https://turboplumbingtampa.com/",5,86,"Plumber",75,"medium","established;high-rated;ai-voice-fit;phone-available","4817 S Westshore Blvd, Tampa, FL 33616"
"True Builders Inc.","(863) 999-9228","","https://www.true-builders.com/?utm_source=google&utm_medium=organic&utm_campaign=GMBListing-Plant-City-FL",4.8,344,"Fire damage restoration service",75,"medium","established;high-rated;ai-voice-fit;phone-available","4000 N Frontage Rd, Plant City, FL 33565"
"Bay Area Plumbing, Inc.","(813) 620-0044","info@bayareaplumbinginc.com","https://bayareaplumbinginc.com/",4.4,154,"Plumber",75,"medium","established;ai-voice-fit;phone-available;email-available","4101 E 12th Ave suite e 2, Tampa, FL 33605"
"Matt's Plumbing Services","(813) 269-7370","","https://mattsplumbingpros.com/?utm_source=gmb&utm_medium=organic",4.7,1684,"Plumber",75,"medium","established;high-rated;ai-voice-fit;phone-available","13775 N Nebraska Ave, Tampa, FL 33613"
"Benjamin Franklin Plumbing","(813) 278-7159","","https://tampabenjaminfranklin.com/?utm_source=GBP&utm_medium=organic&utm_campaign=tampagbp",4.7,2649,"Plumber",75,"medium","established;high-rated;ai-voice-fit;phone-available","5808 N 56th St Suite A, Tampa, FL 33610"
"Case Plumbing & Sewer","(813) 252-0210","","https://www.joecoolhomeservices.com/case-plumbing/tampa",4.8,258,"Plumber",75,"medium","established;high-rated;ai-voice-fit;phone-available","4307 W Pearl Ave, Tampa, FL 33611"
"Llona Plumbing","(813) 477-1870","","https://www.llonaplumbing.com/",4.8,423,"Plumber",75,"medium","established;high-rated;ai-voice-fit;phone-available","5133 W Clifton St Suite C, Tampa, FL 33634"
"Alvarez Plumbing & Air Conditioning","(813) 213-0533","","https://www.alvarezplumbing.com/",4.8,2478,"Plumber",75,"medium","established;high-rated;ai-voice-fit;phone-available","1623 S 51st St, Tampa, FL 33619"
"Mr. Rooter Plumbing of Tampa","(813) 704-2093","","https://www.mrrooter.com/tampa/?cid=LSTL_MRR000199&utm_source=gmb&utm_campaign=local&utm_medium=organic",4.8,568,"Plumber",75,"medium","established;high-rated;ai-voice-fit;phone-available","249 S 78th St, Tampa, FL 33619"
"All Hours Plumber","(813) 774-1199","","https://allhoursplumber.com/?utm_source=google&utm_medium=organic&utm_campaign=google_business_profile_tampa_1",4.9,403,"Plumber",75,"medium","established;high-rated;ai-voice-fit;phone-available","5401 W Kennedy Blvd Suite 100, Tampa, FL 33609"
"Roto-Rooter Plumbing of Tampa","(813) 982-4112","","https://www.rotorooter.com/tampa/?utm_source=Google&utm_medium=organic&utm_campaign=gmb&utm_content=website",4.8,3519,"Plumber",75,"medium","established;high-rated;ai-voice-fit;phone-available","5020 Tampa W Blvd, Tampa, FL 33634"
"Tampa Bay Plumbers LLC","(813) 686-6349","","https://www.tampaplumber.net/?utm_campaign=gmb",4.7,1191,"Plumber",75,"medium","established;high-rated;ai-voice-fit;phone-available","6205 Johns Rd Suite 12, Tampa, FL 33634"
"Grable Plumbing & Air","(813) 680-4806","","https://grableplumbing.com/?utm_source=google&utm_campaign=gmb",4.8,870,"Plumber",75,"medium","established;high-rated;ai-voice-fit;phone-available","3723 E Hillsborough Ave, Tampa, FL 33610"
"Building Destiny llc","(813) 699-9454","info@buildingdestinyllc.com","http://www.buildingdestinyllc.com/",5,7,"General contractor",75,"medium","weak-website;high-rated;ai-voice-fit;phone-available;email-available","2130 W Brandon Blvd Suite 103, Brandon, FL 33511"
"MG Elite Remodeling LLC","(813) 514-3060","maynorgomez68@gmail.com","https://mgeliteremodelingllc.com/",4.9,29,"Remodeler",75,"medium","growing;high-rated;ai-voice-fit;phone-available;email-available","505 N Everina Cir, Brandon, FL 33510"
"Paradise Custom Construction, LLC","(813) 685-4324","paradiseconstructionfl@gmail.com","http://www.constructionbyparadise.com/",4.5,8,"General contractor",75,"medium","weak-website;high-rated;ai-voice-fit;phone-available;email-available","716 Sunlit Ct #6270, Brandon, FL 33511"
"Tuffy's Turf Solutions","(813) 955-7924","tuffysturfsolutions@gmail.com","http://www.tuffysturfsolutions.com/",5,4,"Turf supplier",75,"medium","weak-website;high-rated;ai-voice-fit;phone-available;email-available",""
"Landscaping Tune-Ups","(813) 730-5818","landscapingtuneupsinctampa@gmail.com","https://www.landscapingtuneups.com/?utm_source=gbp&utm_medium=organic&utm_content=profile&utm_campaign=gbp-listing",4.8,26,"Landscape designer",75,"medium","growing;high-rated;ai-voice-fit;phone-available;email-available","5921 E Yeoman St, Tampa, FL 33619"
"Blue Sky Pools","(813) 242-4265","","http://blueskypools.com/",4,19,"Swimming pool contractor",75,"medium","weak-website;ai-voice-fit;phone-available;high-value-trade","3208 E 4th Ave, Tampa, FL 33605"
"West Shore Pools and Outdoor Living, LLC","(813) 494-2417","designs@westshorepools.com","https://westshorecustompools.com/",4.8,20,"Swimming pool contractor",75,"medium","high-rated;ai-voice-fit;phone-available;email-available;high-value-trade","3644B S Westshore Blvd, Tampa, FL 33629"
"Ecoscape Outdoor Services","(813) 518-5555","info@ecoscapeoutdoor.com","https://www.ecoscapeoutdoor.com/",5,34,"Landscaper",75,"medium","growing;high-rated;ai-voice-fit;phone-available;email-available","4315 S Hale Ave, Tampa, FL 33611"
"American Painting Company, Inc.","(339) 255-1693","info@ampaintingcompany.com","https://www.ampaintco.com/",5,25,"Painter",75,"medium","growing;high-rated;ai-voice-fit;phone-available;email-available",""
"LawnStarter - Tampa","(813) 540-3052","","https://www.lawnstarter.com/tampa-fl-lawn-care?utm_source=google&utm_medium=GLocal&utm_campaign=TampaGLocal",4.6,1002,"Lawn care service",75,"medium","established;high-rated;ai-voice-fit;phone-available",""
"Sunrise Landscape","(813) 544-1291","info@sunriselandscape.com","https://sunriselandscape.com/?utm_source=google&utm_medium=organic+&utm_campaign=Tampa+corporate+&utm_id=GBP",3.2,116,"Landscaper",75,"medium","established;ai-voice-fit;phone-available;email-available","5100 W Kennedy Blvd Suite 325, Tampa, FL 33609"
"Peach Painting","(813) 519-6914","","https://peachpainting.com/?utm_campaign=gmb",4.8,304,"Painter",75,"medium","established;high-rated;ai-voice-fit;phone-available","8263 Causeway Blvd C, Tampa, FL 33619"
"The Gardener Landscaping","(813) 695-2562","info@thegardenerlandscaping.net","https://www.thegardenerlandscaping.net/",5,43,"Landscaper",75,"medium","growing;high-rated;ai-voice-fit;phone-available;email-available",""
"CertaPro Painters of Carrollwood and Tampa","(813) 936-9242","","https://certapro.com/carrollwood-tampa/?utm_source=google&utm_medium=organic&utm_campaign=gmb",4.9,1401,"Painter",75,"medium","established;high-rated;ai-voice-fit;phone-available","9266 Lazy Ln, Tampa, FL 33614"
"That 1 Painter Tampa Bay","(813) 413-1684","","https://that1painter.com/tampa-bay/",5,203,"Painting",75,"medium","established;high-rated;ai-voice-fit;phone-available","410 Ware Blvd, Tampa, FL 33619"
"Jumbo Painting, Inc","(813) 931-0248","","https://jumbopainting.com/",5,168,"Painter",75,"medium","established;high-rated;ai-voice-fit;phone-available","8417 N Ashley St, Tampa, FL 33604"
"PAINT CORPS of Tampa","(813) 520-6096","","https://www.paintcorps.com/tampa-fl/",4.8,796,"Painter",75,"medium","established;high-rated;ai-voice-fit;phone-available",""
"Five Star Painting of Tampa Bay","(813) 534-6775","","https://www.fivestarpainting.com/tampa-bay/?cid=LSTL_FSP-US000189&utm_source=gmb&utm_campaign=local&utm_medium=organic",4.9,225,"Painter",75,"medium","established;high-rated;ai-voice-fit;phone-available","4230 S MacDill Ave UNIT G, Tampa, FL 33611"
"Florida Painting Tampa CR LLC","(832) 897-7323","paintingtampacr@gmail.com","https://paintingtampacr.com/",5,37,"Painter",75,"medium","growing;high-rated;ai-voice-fit;phone-available;email-available","6707 Willow Spring Ct, Tampa, FL 33615"
"Concrete Impressions of Florida Inc. Corporate Office","(813) 899-4284","joe@ciflorida.com","http://www.ciflorida.com/",4.8,9,"Concrete contractor",75,"medium","weak-website;high-rated;ai-voice-fit;phone-available;email-available","11317 N 52nd St, Tampa, FL 33617"
"Bed Bug Exterminator | Tampa","(727) 594-8862","info@bedbugexterminator.org","https://bedbugexterminator.org/locations/tampa",5,40,"Pest control service",75,"medium","growing;high-rated;ai-voice-fit;phone-available;email-available","918 E St Clair St, Tampa, FL 33605"
"Tampa Spark Masters Electric","(813) 790-6945","info@tampasparkmasters.com","https://tampasparkmasters.com/",4.6,10,"Electrician",75,"medium","high-rated;ai-voice-fit;phone-available;email-available;high-value-trade","310 E Davis Blvd, Tampa, FL 33606"
"H-Man Pressure Washing & Cleaning Services, Inc.","(813) 690-9030","","https://www.hmanpressurewashing.com/",5,166,"Pressure washing service",75,"medium","established;high-rated;ai-voice-fit;phone-available","8602 Temple Terrace Hwy unit d-27, Tampa, FL 33637"
"Mosquito Hunters of Chicago","(773) 527-2927","","https://mosquitohunters.com/chicago-il/?utm_source=googlebusinessprofile&utm_medium=organic&utm_campaign=Qiigo",4.9,1029,"Pest control service",75,"medium","established;high-rated;ai-voice-fit;phone-available",""
"DecoCrete Services of Tampa","(813) 212-2210","sales@decocreteservices.com","https://decocreteservices.com/decorative-concrete-tampa/",4.9,23,"Concrete contractor",75,"medium","growing;high-rated;ai-voice-fit;phone-available;email-available",""
"Tampa Bay Pressure Washing, LLC.","(813) 610-7266","WashingTampa@gmail.com","https://www.tampapressurewashingllc.com/",4.9,42,"Pressure washing service",75,"medium","growing;high-rated;ai-voice-fit;phone-available;email-available","12911 N Albany Ave, Tampa, FL 33612"
"Rocket Pest Control","(813) 592-8374","","https://gorocketpest.com/?utm_source=google&utm_medium=gbp&utm_campaign=tampa",4.7,372,"Pest control service",75,"medium","established;high-rated;ai-voice-fit;phone-available","5840 W Cypress St suite f, Tampa, FL 33607"
"Premium Pest and Animal Control","(813) 217-1040","","https://www.premiumanimalcontrol.com/",5,72,"Pest control service",75,"medium","established;high-rated;ai-voice-fit;phone-available",""
"Chet's Termite & Pest Management, Inc.","(813) 935-7554","","https://chetspest.com/",4.7,967,"Pest control service",75,"medium","established;high-rated;ai-voice-fit;phone-available","2112 W Waters Ave, Tampa, FL 33604"
"Orkin","(813) 947-6041","","https://www.orkin.com/locations/florida-fl/tampa-pest-control/branch-130?utm_source=local&utm_medium=local&utm_campaign=LCL0007",4.8,2004,"Pest control service",75,"medium","established;high-rated;ai-voice-fit;phone-available","5031 Savarese Cir, Tampa, FL 33634"
"Rivero tree service and demolition","(813) 516-2807","dayronrivero59@gmail.com","https://riverotreeservice-com.webnode.com/",4.9,31,"Tree service",75,"medium","growing;high-rated;ai-voice-fit;phone-available;email-available","227 Pasadena Dr, Tampa, FL 33615"
"Florida Pest Control","(813) 592-3647","","https://www.flapest.com/locations/tampa/?utm_source=google&utm_medium=gbp&utm_campaign=tampa",4.7,389,"Pest control service",75,"medium","established;high-rated;ai-voice-fit;phone-available","1907 US-301 Suite C160, Tampa, FL 33619"
"Best Termite & Pest Control Inc","(813) 935-0998","best@bestpestmanagement.com","https://www.bestpestmanagement.com/",4.3,228,"Pest control service",75,"medium","established;ai-voice-fit;phone-available;email-available","8120 N Armenia Ave, Tampa, FL 33604"
"Perfect Choice Flooring","(813) 374-1231","","https://www.perfectchoiceflooring.com/",4.7,293,"Flooring store",75,"medium","established;high-rated;ai-voice-fit;phone-available","922 E 124th Ave Suite E, Tampa, FL 33612"
"Tampa Flooring Gallery","(813) 931-1002","info@tampaflooringgallery.com","https://www.tampaflooringgallery.com/?utm_campaign=gmb",4.4,55,"Flooring store",75,"medium","established;ai-voice-fit;phone-available;email-available","5518 W Linebaugh Ave, Tampa, FL 33624"
"Terminix","(863) 215-6393","","https://www.terminix.com/exterminators/fl/tampa-2043/?utm_source=gmb-listing&utm_medium=organic&utm_campaign=local&utm_term=tampa",4.7,2938,"Pest control service",75,"medium","established;high-rated;ai-voice-fit;phone-available","4306 N 56th St, Tampa, FL 33610"
"Tampa Quality Flooring","(813) 413-7550","","https://tampaqualityflooring.com/",4.9,73,"Flooring store",75,"medium","established;high-rated;ai-voice-fit;phone-available","2061 Gregory Dr, Tampa, FL 33613"
"Floor & Decor","(813) 207-1008","//cdn.jsdelivr.net/npm/scandit-sdk@5.7.1","https://www.flooranddecor.com/store/tampa/FL/33607/168?utm_source=gmb&utm_medium=organic&utm_campaign=dsg_tampa",4.4,1256,"Flooring store",75,"medium","established;ai-voice-fit;phone-available;email-available","2913 N Dale Mabry Hwy, Tampa, FL 33607"
"Tampa Flooring Solutions","(813) 344-1916","","https://www.tampaflooringpros.com/",5,65,"Flooring contractor",75,"medium","established;high-rated;ai-voice-fit;phone-available","1600 E 8th Ave A200, Tampa, FL 33605"
"Orkin","(813) 947-6015","","https://www.orkin.com/locations/florida-fl/tampa-pest-control/branch-128?utm_source=local&utm_medium=local&utm_campaign=LCL0006",4.8,2076,"Pest control service",75,"medium","established;high-rated;ai-voice-fit;phone-available","5805 Breckenridge Pkwy suite i, Tampa, FL 33610"
"TB Concrete Contractors","(813) 796-5874","info@tbconcretecontractors.com","https://tbconcretecontractors.com/concrete-contractors-tampa/",5,23,"Contractor",75,"medium","growing;high-rated;ai-voice-fit;phone-available;email-available",""
"Concrete Tampa Solutions","(813) 680-5542","Concretetampasolutions@Gmail.Com","https://concreteintampa.com/",5,37,"Concrete contractor",75,"medium","growing;high-rated;ai-voice-fit;phone-available;email-available",""
"Bayside Concrete and Construction LLC","(813) 240-9454","Scott@baysidebuildsfl.com","http://www.baysideconcreteandconstruction.com/",5,12,"Concrete contractor",75,"medium","weak-website;high-rated;ai-voice-fit;phone-available;email-available","6315 Little River Dr, Tampa, FL 33615"
"Premium Floors & Renovations","(813) 749-0852","","https://premiumfloorsandrenovations.com/",5,73,"Flooring contractor",75,"medium","established;high-rated;ai-voice-fit;phone-available","4408 W Dr Martin Luther King Jr Blvd, Tampa, FL 33614"
"Shower Remodeling (M&Y Cousins )","(602) 935-8212","mycousinstile@gmail.com","http://mycousinstile.com/",5,20,"Bathroom remodeler",75,"medium","weak-website;high-rated;ai-voice-fit;phone-available;email-available","8309 Regina Pl, Tampa, FL 33615"
"HRC Remodeling","(727) 436-9061","","https://homeresolutionconsultants.com/",4.5,108,"Bathroom remodeler",75,"medium","established;high-rated;ai-voice-fit;phone-available","14502 N Dale Mabry, State Rte Ste 200 Ste 200, Tampa, FL 33618"
"Birch Masters Construction Solutions","","info@birchmastershome.com","https://www.birchmastershome.com/",4.9,60,"Bathroom remodeler",75,"medium","established;high-rated;ai-voice-fit;email-available",""
"Peacock Alley Remodeling","(813) 392-8180","","https://peacockalleyremodeling.com/",5,174,"Bathroom remodeler",75,"medium","established;high-rated;ai-voice-fit;phone-available","1646 W Snow Ave #129, Tampa, FL 33606"
"Luxury Bath of Tampa Bay","(727) 335-2231","","https://www.luxurybathcfl.com/bathroom-remodeling-tampa-fl/",4.8,423,"Bathroom remodeler",75,"medium","established;high-rated;ai-voice-fit;phone-available","33851 US Hwy 19 N, Palm Harbor, FL 34684"
"Bay City Remodeling & Bathrooms LLC","(813) 362-0114","","https://baycityremodeling.com/",5,64,"Bathroom remodeler",75,"medium","established;high-rated;ai-voice-fit;phone-available","1310 Village Ct, Brandon, FL 33511"
"Love Your Bath","(866) 247-8995","","https://www.loveyourbath.com/?utm_source=google&utm_medium=organic&utm_campaign=local",4.7,482,"Bathroom remodeler",75,"medium","established;high-rated;ai-voice-fit;phone-available","12924 Dupont Cir, Tampa, FL 33626"
"Coastal Construction - Clearwater","(727) 333-7509","info@gulfsidedocks.com","https://gulfsidedocks.com/",5,3,"Construction company",75,"medium","high-rated;ai-voice-fit;phone-available;email-available;high-value-trade","1414 S Missouri Ave #1, Clearwater, FL 33756"
"AAA Dynamic Construction- The Dynamic Contractor!","(408) 639-1654","mike@aaadynamic.org","https://aaadynamic.org/",4.9,11,"Construction company",75,"medium","high-rated;ai-voice-fit;phone-available;email-available;high-value-trade","1612 Clark St, Clearwater, FL 33755"
"Shelby Construction, Inc. - Builder | Renovation | General Contractor","(727) 266-0315","info@shelbyconst.com","https://shelbyconst.com/",5,9,"Construction company",75,"medium","high-rated;ai-voice-fit;phone-available;email-available;high-value-trade","600 Cleveland St Suite 216, Clearwater, FL 33755"
"FineCraft Contractors","(727) 591-3929","","https://finecraftcontractors.com/?utm_source=GBP&utm_medium=Search&utm_campaign=GBP",5,60,"General contractor",75,"medium","established;high-rated;ai-voice-fit;phone-available","628 Cleveland St, Clearwater, FL 33755"
"Elite Fence Company","(512) 668-7021","","https://elitefencepros.net/",4.8,68,"Fence contractor",75,"medium","established;high-rated;ai-voice-fit;phone-available",""
"Kitchen Tune-Up Tampa North","(813) 822-5911","aaita@kitchentuneup.com","https://kitchentuneup.com/tampa-north-fl/",4.9,26,"Kitchen remodeler",75,"medium","growing;high-rated;ai-voice-fit;phone-available;email-available",""
"S & W Kitchens","(813) 489-9372","","https://sandwkitchens.com/showrooms/tampa/?utm_source=google&utm_medium=organic&utm_campaign=tampa-gbp",4.5,87,"Kitchen remodeler",75,"medium","established;high-rated;ai-voice-fit;phone-available","3215 S MacDill Ave, Tampa, FL 33629"
"Home Leader Renovation","(813) 697-2226","homeleader.renovation@gmail.com","https://homeleaderrenovation.com/plant-city-fl/",4.8,44,"Remodeler",75,"medium","growing;high-rated;ai-voice-fit;phone-available;email-available","6813 E Ida St, Tampa, FL 33610"
"Citadel Fence Tampa","(813) 210-6709","JLnatale7@gmail.com","https://www.citadelfencetampa.com/",5,44,"Fence contractor",75,"medium","growing;high-rated;ai-voice-fit;phone-available;email-available","205 W Hanna Ave, Tampa, FL 33604"
"Apex Fencing Company Tampa","(813) 547-3973","","https://woodandvinylfencingtampa.com/",4.9,66,"Fence contractor",75,"medium","established;high-rated;ai-voice-fit;phone-available","3014 E Hanna Ave, Tampa, FL 33610"
"Family Fence Company of Florida","(813) 535-5488","","https://familyfencetampa.com/?utm_source=google&utm_medium=web&utm_campaign=GBP&utm_id=GBP",4.7,1020,"Fence contractor",75,"medium","established;high-rated;ai-voice-fit;phone-available","410 Ware Blvd Suite #866, Tampa, FL 33619"
"Lifestyle Remodeling","(813) 680-3762","","https://lifestyleremodeling.com/",4.9,199,"Sunroom contractor",75,"medium","established;high-rated;ai-voice-fit;phone-available","4897 W Waters Ave B, Tampa, FL 33634"
"Vilo Fence","(813) 443-0771","","https://www.vilofence.com/",4.5,340,"Fence contractor",75,"medium","established;high-rated;ai-voice-fit;phone-available","4308 W M.L.K. Jr Blvd, Tampa, FL 33614"
"Ferrill Construction Company","(813) 877-8822","ruby@ferrillconstruction.com","http://www.ferrillconstruction.com/",4.4,20,"Custom home builder",70,"medium","weak-website;ai-voice-fit;phone-available;email-available","3715 W Horatio St, Tampa, FL 33609"
"Alpine Contracting","(727) 761-7955","","http://alpinecontractingllc.com/",5,12,"General contractor",70,"medium","weak-website;high-rated;ai-voice-fit;phone-available",""
"Belvedere Builders LLC","(813) 655-6600","","http://belvederebuildersfl.com/",4.7,16,"Custom home builder",70,"medium","weak-website;high-rated;ai-voice-fit;phone-available","1385 Oakfield Dr, Brandon, FL 33511"
"Brandon Construction Co","(727) 784-6378","","http://brandonconstruction.com/",4.5,10,"General contractor",70,"medium","weak-website;high-rated;ai-voice-fit;phone-available","557 Alt 19, Palm Harbor, FL 34683"
"ADS Building Contractors","(813) 245-4362","","http://adsbuildingcontractors.com/",5,15,"General contractor",70,"medium","weak-website;high-rated;ai-voice-fit;phone-available","2101 Wheeler Oaks Dr, Brandon, FL 33510"
"GPS Pools Inc.","(813) 948-9091","","https://www.gpspoolstore.com/",5,13,"Swimming pool contractor",70,"medium","high-rated;ai-voice-fit;phone-available;high-value-trade","17032 Palm Pointe Dr, Tampa, FL 33647"
"Johns Palms Landscaping","(813) 493-3373","","http://johnspalmslandscaping.com/",4.7,14,"Landscape designer",70,"medium","weak-website;high-rated;ai-voice-fit;phone-available","7302 Mushinski Rd, Tampa, FL 33625"
"RND Landscape Design Tampa","(813) 945-9838","","https://landscapedesignertampa.weebly.com/",4.9,42,"Landscape designer",70,"medium","growing;high-rated;ai-voice-fit;phone-available","319 E Fern St, Tampa, FL 33604"
"South Shore Contracting","(813) 547-5746","dev@christinahoffmann.com","http://www.southshore.contractors/",4.3,17,"General contractor",70,"medium","weak-website;ai-voice-fit;phone-available;email-available","1763 S Kings Ave, Brandon, FL 33511"
"Hurricane Clean","(813) 967-6088","","http://pressurewashingtampabay.com/",4.8,17,"Pressure washing service",70,"medium","weak-website;high-rated;ai-voice-fit;phone-available","3508 N Florida Ave, Tampa, FL 33603"
"Tampa Pressure Cleaning Plus","(813) 417-0353","","http://www.tampapressurecleaningplus.com/",5,10,"Pressure washing service",70,"medium","weak-website;high-rated;ai-voice-fit;phone-available","3203 W Douglas St, Tampa, FL 33607"
"Florida Construction Solutions","(813) 922-3227","","https://www.floridaconstructionsolutions.com/",4.6,8,"Construction company",70,"medium","high-rated;ai-voice-fit;phone-available;high-value-trade","8403 Benjamin Rd Suite G, Tampa, FL 33634"
"Aptive Pest Control","(813) 592-7527","","https://aptivepestcontrol.com/locations/florida-fl/tampa-pest-control/local-branch/?utm_source=google&utm_medium=LocalListings&utm_campaign=Local+Listings+47+Tampa",4.4,3930,"Pest control service",70,"medium","established;ai-voice-fit;phone-available","12931 N Nebraska Ave, Tampa, FL 33612"
"Naffco Flooring & Interiors","(813) 254-4066","","https://www.naffcofloorsandinteriors.com/",4.4,112,"Flooring store",70,"medium","established;ai-voice-fit;phone-available","1510 S MacDill Ave, Tampa, FL 33629"
"Footprints Floors Tampa","(813) 590-1114","","https://footprintsfloors.com/tampa",4.8,41,"Flooring contractor",70,"medium","growing;high-rated;ai-voice-fit;phone-available",""
"Ready Concrete Contractors Tampa","(813) 592-4017","","https://readyconcretecontractors.com/",5,32,"Concrete contractor",70,"medium","growing;high-rated;ai-voice-fit;phone-available","5017 W Laurel St, Tampa, FL 33607"
"Mr Concrete Contractors Tampa","(813) 921-8199","","https://mrconcretecontractorstampa.com/",4.8,24,"Concrete contractor",70,"medium","growing;high-rated;ai-voice-fit;phone-available","412 E Madison St #1323, Tampa, FL 33602"
"Emerald Small Bathroom Remodel Works","(813) 200-7657","","https://emeraldbathroomremodel.com/",5,40,"Bathroom remodeler",70,"medium","growing;high-rated;ai-voice-fit;phone-available",""
"Lightning Construction & Remodeling LLC","(727) 316-5363","Office@TampaLCR.com","http://www.tampalcr.com/",4.3,7,"General contractor",70,"medium","weak-website;ai-voice-fit;phone-available;email-available","611 Druid Rd STE 401, Clearwater, FL 33756"
"World Class Concrete & Pavers","(813) 928-3727","","https://worldclassconcretpavers.com/",4.9,47,"Concrete contractor",70,"medium","growing;high-rated;ai-voice-fit;phone-available",""
"Urban Project Management and Construction","(727) 677-9719","","https://www.urbanprojectmgmt.com/",4.5,24,"General contractor",70,"medium","growing;high-rated;ai-voice-fit;phone-available","600 Cleveland St Suite 352, Clearwater, FL 33755"
"Tampa Vinyl Fence","(813) 421-4745","","https://vinylfencestampa.com/",4.9,31,"Fence contractor",70,"medium","growing;high-rated;ai-voice-fit;phone-available",""
"Restore with MD — Storm & Damage Restoration Services in Tampa Bay, FL & Pittsburgh, PA","(724) 683-7626","info@restorewithmd.com","https://restorewithmd.com/",5,5,"Water damage restoration service",65,"medium","high-rated;ai-voice-fit;phone-available;email-available",""
"GM Construction Tampa","(813) 437-9431","office@gmconstructiontpa.com","https://www.gmconstructiontpa.com/",4.8,16,"General contractor",65,"medium","high-rated;ai-voice-fit;phone-available;email-available","6506 N Florida Ave #204, Tampa, FL 33604"
"GCGC Biz Construction CBC#1265499","(305) 992-9058","Office@gcgcbiz.com","https://gcgcbiz.com/",5,10,"General contractor",65,"medium","high-rated;ai-voice-fit;phone-available;email-available","2021 N Lemans Blvd, Tampa, FL 33607"
"Eleven 11 Construction","(904) 800-8205","filler@godaddy.com","https://eleven11construction.com/",5,11,"Home builder",65,"medium","high-rated;ai-voice-fit;phone-available;email-available",""
"Aleman Construction Services","(813) 645-1724","","https://alemanconstructioninc.com/",3.7,3,"Construction company",65,"medium","ai-voice-fit;phone-available;high-value-trade","922 N Parsons Ave, Brandon, FL 33510"
"Quick Quote Home Services","(813) 921-7557","","https://www.quickquotehomeservices.com/",1,1,"Construction company",65,"medium","ai-voice-fit;phone-available;high-value-trade","1208 Bell Shoals Rd, Brandon, FL 33511"
"Tampa Standard Construction","(813) 750-0294","info@tampastandardconstruction.com","https://tampastandardconstruction.com/",4.9,12,"Kitchen remodeler",65,"medium","high-rated;ai-voice-fit;phone-available;email-available","1369 Oakfield Dr, Brandon, FL 33511"
"Sabal Homes of Florida","(813) 689-2548","","http://sabalhomesfl.com/",3.7,16,"Custom home builder",65,"medium","weak-website;ai-voice-fit;phone-available","915 Oakfield Dr #F, Brandon, FL 33511"
"Tam Bay Construction","(813) 778-7311","TamBayCon@gmail.com","https://tambayconstruction.com/",5,11,"General contractor",65,"medium","high-rated;ai-voice-fit;phone-available;email-available","333 N Falkenburg Rd, Tampa, FL 33619"
"Sundek of West Florida","(833) 278-6335","mjames@sundek.com","https://www.sundekofwestflorida.com/",5,5,"Concrete contractor",65,"medium","high-rated;ai-voice-fit;phone-available;email-available","401 E Jackson St Ste 2340, Tampa, FL 33602"
"Kennedy Concrete Tampa","(813) 565-3161","uskennedytampa@cemex.com","https://kennedyconcrete.com/tampa/",4.6,10,"Concrete product supplier",65,"medium","high-rated;ai-voice-fit;phone-available;email-available","3711 Causeway Blvd, Tampa, FL 33619"
"Tampa Pressure Clean and Soft Wash","(813) 400-9954","tampapressurewashing813@gmail.com","https://pressurewashtampabay.com/",5,2,"Pressure washing service",65,"medium","high-rated;ai-voice-fit;phone-available;email-available","6012 W Chelsea St, Tampa, FL 33634"
"Suffolk Construction","(813) 739-4500","","http://www.suffolk.com/",3.5,13,"General contractor",65,"medium","weak-website;ai-voice-fit;phone-available","1001 Water St #400, Tampa, FL 33602"
"Florida Masonry Construction Company","(813) 626-4518","ryan@fmcctampa.com","https://floridamasonryconstruction.com/",5,2,"Concrete contractor",65,"medium","high-rated;ai-voice-fit;phone-available;email-available","2501 N 70th St, Tampa, FL 33619"
"JMB CONCRETE","(813) 410-8667","tampa@concretejmb.com","https://concretejmb.com/",5,20,"Concrete contractor",65,"medium","high-rated;ai-voice-fit;phone-available;email-available","7702 Ann Ballard Rd, Tampa, FL 33634"
"District Flooring & Restoration","(813) 690-1324","willislifsey@gmail.com","https://www.districtfloor.com/",5,14,"Flooring store",65,"medium","high-rated;ai-voice-fit;phone-available;email-available","3412 W Bay to Bay Blvd suite m, Tampa, FL 33629"
"Tampa Concrete And Construction","(813) 670-8876","contact@tampaconcreteconstruction.com","https://www.tampaconcreteconstruction.com/",5,10,"Concrete contractor",65,"medium","high-rated;ai-voice-fit;phone-available;email-available","5305 Reflections Club Dr Unit 4207, Tampa, FL 33634"
"Velez Concrete Construction","(813) 337-7792","","http://tampaconcretecontractor.com/",4,12,"Concrete contractor",65,"medium","weak-website;ai-voice-fit;phone-available",""
"Masters Bathroom Remodeling Tampa","(813) 535-5487","info@mastersbathroomremodelingtampa.com","https://mastersbathroomremodelingtampa.com/",5,9,"Bathroom remodeler",65,"medium","high-rated;ai-voice-fit;phone-available;email-available","501 E Kennedy Blvd, Tampa, FL 33602"
"Renovate Tampa Bay Home & Commercial Remodeling","(813) 285-4546","brianrogers@renovatetampabayllc.com","https://renovatetampafl.com/",4.6,20,"Contractor",65,"medium","high-rated;ai-voice-fit;phone-available;email-available",""
"The Partners Contracting Group Inc.","(727) 209-7661","info@tpcgroup.us","https://tpcgroup.us/",5,5,"General contractor",65,"medium","high-rated;ai-voice-fit;phone-available;email-available",""
"Full Circle Reconstruction - General Contractors Clearwater Florida | Construction Company","(941) 840-1102","info@fullcirclereconstruction.com","https://fullcirclereconstruction.com/?utm_source=google&utm_medium=organic&utm_campaign=gbp",5,7,"General contractor",65,"medium","high-rated;ai-voice-fit;phone-available;email-available","912 Drew St #1006, Clearwater, FL 33755"
"Tommy Bath LLC","(813) 437-2863","info@tommybath.com","https://tommybath.com/",5,16,"Bathroom remodeler",65,"medium","high-rated;ai-voice-fit;phone-available;email-available",""
"Malphus and Son General Contractors, Inc.","(813) 273-0870","","https://malphusandson.com/",4.6,10,"General contractor",60,"medium","high-rated;ai-voice-fit;phone-available","1465 Tampa Park Plaza, Tampa, FL 33605"
"Brandon Concrete Contractors: Patios, Slabs, Foundations, Driveway Installation","(813) 722-1537","","https://www.wesleychapelconcretecontractors.com/brandon",5,3,"Concrete contractor",60,"medium","high-rated;ai-voice-fit;phone-available","912 Nina Elizabeth Cir apt 101, Brandon, FL 33510"
"Michael John Enterprises Inc","(727) 447-2000","info@mje84.com","https://mje84.com/",3.6,17,"General contractor",60,"medium","ai-voice-fit;phone-available;email-available","325 E Robertson St, Brandon, FL 33511"
"Davis Concrete Inc","(813) 961-5631","info@davisconcreteinc.com","https://www.davisconcreteinc.com/our-location/tampa/",3.7,16,"Concrete product supplier",60,"medium","ai-voice-fit;phone-available;email-available","5006 W Linebaugh Ave, Tampa, FL 33624"
"Sunshine Concrete Contractor Tampa","(813) 750-0680","info@proconcretecontractors.com","https://www.proconcretecontractors.com/concretecontractorstampa/",4.4,11,"Concrete contractor",60,"medium","ai-voice-fit;phone-available;email-available",""
"Pressure Washing Services Tampa","(813) 954-9208","","https://pressurewashingservicestampafl.com/",5,2,"Pressure washing service",60,"medium","high-rated;ai-voice-fit;phone-available","7402 N 56th St Suite 355, Tampa, FL 33617"
"My Florida Bath","(813) 513-9145","","https://www.myfloridabath.com/",4.9,16,"Bathroom remodeler",60,"medium","high-rated;ai-voice-fit;phone-available","13329 W Hillsborough Ave Unit 102, Tampa, FL 33635"
"D-Mar General Contracting & Development Inc","(727) 423-9969","info@d-mar.com","https://www.d-mar.com/",3.9,7,"General contractor",60,"medium","ai-voice-fit;phone-available;email-available","1453 S M.L.K. Jr Ave A, Clearwater, FL 33756"
"Coast to Coast Construction Group Inc.","(727) 922-7630","Office@cccg-us.com","https://www.cccg-us.com/",4.4,7,"General contractor",60,"medium","ai-voice-fit;phone-available;email-available","140 Island Way office #284, Clearwater, FL 33756"
"Ideal Remodeling","(813) 694-5439","","https://www.theidealremodeling.com/",5,14,"Bathroom remodeler",60,"medium","high-rated;ai-voice-fit;phone-available","8270 Woodland Center Blvd, Tampa, FL 33614"
"Florida Deck & Fence Experts LLC","(305) 781-3671","","https://www.floridadeckfence.com/",5,19,"Fence contractor",60,"medium","high-rated;ai-voice-fit;phone-available",""
"Sweeping Corp of America","(888) 793-3746","","https://www.sweepingcorp.com/?utm_source=local&utm_medium=google",2.3,3,"Sanitation service",55,"low","ai-voice-fit;phone-available",""
"Sutton Contracting","(813) 626-3700","","https://suttoncontracting.com/",4.3,14,"General contractor",55,"low","ai-voice-fit;phone-available","2808 Broadway Center Blvd, Brandon, FL 33510"